{
	"parent": "minecraft:block/template_orientable_trapdoor_open",
	"textures": {
		"1": "block/acacia_trapdoor_side",
		"particle": "block/acacia_trapdoor_side",
		"texture": "minecraft:block/acacia_trapdoor"
	},
	"elements": [
		{
			"from": [13, 0, 13],
			"to": [16, 16, 16],
			"faces": {
				"north": {"uv": [16, 16, 13, 0], "texture": "#texture"},
				"east": {"uv": [0, 13, 16, 16], "rotation": 270, "texture": "#1"},
				"south": {"uv": [0, 0, 3, 16], "rotation": 180, "texture": "#texture"},
				"west": {"uv": [0, 13, 16, 16], "rotation": 90, "texture": "#1"},
				"up": {"uv": [0, 13, 3, 16], "rotation": 180, "texture": "#1"},
				"down": {"uv": [13, 13, 16, 16], "texture": "#1"}
			}
		},
		{
			"from": [0, 0, 13],
			"to": [3, 16, 16],
			"faces": {
				"north": {"uv": [3, 16, 0, 0], "texture": "#texture"},
				"east": {"uv": [0, 13, 16, 16], "rotation": 270, "texture": "#1"},
				"south": {"uv": [13, 0, 16, 16], "rotation": 180, "texture": "#texture"},
				"west": {"uv": [0, 13, 16, 16], "rotation": 90, "texture": "#1"},
				"up": {"uv": [13, 13, 16, 16], "rotation": 180, "texture": "#1"},
				"down": {"uv": [0, 13, 3, 16], "texture": "#1"}
			}
		},
		{
			"from": [9, 0, 13],
			"to": [11, 16, 16],
			"faces": {
				"north": {"uv": [11, 16, 9, 0], "texture": "#texture"},
				"east": {"uv": [0, 13, 16, 16], "rotation": 270, "texture": "#1"},
				"south": {"uv": [5, 0, 7, 16], "rotation": 180, "texture": "#texture"},
				"west": {"uv": [0, 13, 16, 16], "rotation": 90, "texture": "#1"},
				"up": {"uv": [5, 13, 7, 16], "rotation": 180, "texture": "#1"},
				"down": {"uv": [9, 13, 11, 16], "texture": "#1"}
			}
		},
		{
			"from": [5, 0, 13],
			"to": [7, 16, 16],
			"faces": {
				"north": {"uv": [7, 16, 5, 0], "texture": "#texture"},
				"east": {"uv": [0, 13, 16, 16], "rotation": 270, "texture": "#1"},
				"south": {"uv": [9, 0, 11, 16], "rotation": 180, "texture": "#texture"},
				"west": {"uv": [0, 13, 16, 16], "rotation": 90, "texture": "#1"},
				"up": {"uv": [9, 13, 11, 16], "rotation": 180, "texture": "#1"},
				"down": {"uv": [5, 13, 7, 16], "texture": "#1"}
			}
		},
		{
			"from": [0, 13, 13],
			"to": [16, 16, 16],
			"faces": {
				"north": {"uv": [16, 16, 0, 13], "texture": "#texture"},
				"east": {"uv": [13, 13, 16, 16], "rotation": 270, "texture": "#1"},
				"south": {"uv": [0, 13, 16, 16], "rotation": 180, "texture": "#texture"},
				"west": {"uv": [0, 13, 3, 16], "rotation": 90, "texture": "#1"},
				"up": {"uv": [0, 13, 16, 16], "rotation": 180, "texture": "#1"},
				"down": {"uv": [0, 13, 16, 16], "texture": "#1"}
			}
		},
		{
			"from": [0, 0, 13],
			"to": [16, 3, 16],
			"faces": {
				"north": {"uv": [16, 3, 0, 0], "texture": "#texture"},
				"east": {"uv": [0, 13, 3, 16], "rotation": 270, "texture": "#1"},
				"south": {"uv": [0, 0, 16, 3], "rotation": 180, "texture": "#texture"},
				"west": {"uv": [13, 13, 16, 16], "rotation": 90, "texture": "#1"},
				"up": {"uv": [0, 13, 16, 16], "rotation": 180, "texture": "#1"},
				"down": {"uv": [0, 13, 16, 16], "texture": "#1"}
			}
		}
	]
}