{
	"parent": "minecraft:block/fence_side",
	"textures": {
		"1": "minecraft:block/acacia_planks",
		"2": "minecraft:block/acacia_fence_top",
		"particle": "minecraft:block/acacia_planks",
		"texture": "minecraft:block/acacia_planks_double_slab_side"
	},
	"elements": [
		{
			"from": [7, 2, 0],
			"to": [9, 4, 6],
			"faces": {
				"north": {"uv": [7, 12, 9, 14], "texture": "#1"},
				"east": {"uv": [8, 12, 14, 14], "texture": "#1"},
				"south": {"uv": [7, 12, 9, 14], "texture": "#1"},
				"west": {"uv": [2, 12, 8, 14], "texture": "#1"},
				"up": {"uv": [7, 0, 9, 6], "texture": "#2"},
				"down": {"uv": [7, 10, 9, 16], "texture": "#2"}
			}
		},
		{
			"from": [7, 12, 0],
			"to": [9, 14, 6],
			"faces": {
				"north": {"uv": [7, 2, 9, 4], "texture": "#1"},
				"east": {"uv": [8, 2, 14, 4], "texture": "#1"},
				"south": {"uv": [7, 2, 9, 4], "texture": "#1"},
				"west": {"uv": [2, 2, 8, 4], "texture": "#1"},
				"up": {"uv": [7, 0, 9, 6], "texture": "#2"},
				"down": {"uv": [7, 10, 9, 16], "texture": "#2"}
			}
		},
		{
			"from": [7.5, 1, 1],
			"to": [8.5, 15, 2],
			"faces": {
				"north": {"uv": [7, 1, 8, 15], "texture": "#texture"},
				"east": {"uv": [12, 1, 13, 15], "texture": "#texture"},
				"south": {"uv": [8, 1, 9, 15], "texture": "#texture"},
				"west": {"uv": [3, 1, 4, 15], "texture": "#texture"},
				"up": {"uv": [7, 2, 8, 3], "texture": "#texture"},
				"down": {"uv": [8, 2, 9, 3], "texture": "#texture"}
			}
		},
		{
			"from": [7.5, 1, 4],
			"to": [8.5, 15, 5],
			"faces": {
				"north": {"uv": [7, 1, 8, 15], "texture": "#texture"},
				"east": {"uv": [12, 1, 13, 15], "texture": "#texture"},
				"south": {"uv": [8, 1, 9, 15], "texture": "#texture"},
				"west": {"uv": [3, 1, 4, 15], "texture": "#texture"},
				"up": {"uv": [7, 13, 8, 14], "texture": "#texture"},
				"down": {"uv": [8, 13, 9, 14], "texture": "#texture"}
			}
		}
	]
}