{
	"parent": "block/rail_flat",
	"textures": {
		"1": "minecraft:block/rail_bars1",
		"particle": "minecraft:block/rail_bars1",
		"rail": "minecraft:block/activator_rail"
	},
	"elements": [
		{
			"from": [2, 1, 0],
			"to": [4, 2, 16],
			"rotation": {"angle": 0, "axis": "x", "origin": [8, 8, 8]},
			"faces": {
				"north": {"uv": [12, 14, 14, 15], "texture": "#1"},
				"east": {"uv": [0, 15, 16, 16], "texture": "#1"},
				"south": {"uv": [2, 14, 4, 15], "texture": "#1"},
				"west": {"uv": [0, 14, 16, 15], "texture": "#1"},
				"up": {"uv": [2, 0, 4, 16], "texture": "#rail"},
				"down": {"uv": [2, 0, 4, 16], "texture": "#rail"}
			}
		},
		{
			"from": [12, 1, 0],
			"to": [14, 2, 16],
			"faces": {
				"north": {"uv": [2, 14, 4, 15], "texture": "#1"},
				"east": {"uv": [0, 14, 16, 15], "texture": "#1"},
				"south": {"uv": [12, 14, 14, 15], "texture": "#1"},
				"west": {"uv": [0, 15, 16, 16], "texture": "#1"},
				"up": {"uv": [12, 0, 14, 16], "texture": "#rail"},
				"down": {"uv": [12, 0, 14, 16], "texture": "#rail"}
			}
		},
		{
			"from": [1, 0, 1],
			"to": [15, 1, 3],
			"faces": {
				"north": {"uv": [1, 10, 15, 11], "texture": "#1"},
				"east": {"uv": [13, 10, 15, 11], "texture": "#1"},
				"south": {"uv": [1, 11, 15, 12], "texture": "#1"},
				"west": {"uv": [1, 10, 3, 11], "texture": "#1"},
				"up": {"uv": [1, 1, 15, 3], "texture": "#rail"},
				"down": {"uv": [1, 12, 15, 10], "texture": "#1"}
			}
		},
		{
			"from": [1, 0, 5],
			"to": [15, 1, 7],
			"faces": {
				"north": {"uv": [1, 10, 15, 11], "texture": "#1"},
				"east": {"uv": [9, 10, 11, 11], "texture": "#1"},
				"south": {"uv": [1, 11, 15, 12], "texture": "#1"},
				"west": {"uv": [5, 10, 7, 11], "texture": "#1"},
				"up": {"uv": [1, 5, 15, 7], "texture": "#rail"},
				"down": {"uv": [1, 12, 15, 10], "texture": "#1"}
			}
		},
		{
			"from": [1, 0, 9],
			"to": [15, 1, 11],
			"faces": {
				"north": {"uv": [1, 10, 15, 11], "texture": "#1"},
				"east": {"uv": [5, 10, 7, 11], "texture": "#1"},
				"south": {"uv": [1, 11, 15, 12], "texture": "#1"},
				"west": {"uv": [9, 10, 11, 11], "texture": "#1"},
				"up": {"uv": [1, 9, 15, 11], "texture": "#rail"},
				"down": {"uv": [1, 12, 15, 10], "texture": "#1"}
			}
		},
		{
			"from": [1, 0, 13],
			"to": [15, 1, 15],
			"faces": {
				"north": {"uv": [1, 10, 15, 11], "texture": "#1"},
				"east": {"uv": [1, 10, 3, 11], "texture": "#1"},
				"south": {"uv": [1, 11, 15, 12], "texture": "#1"},
				"west": {"uv": [13, 10, 15, 11], "texture": "#1"},
				"up": {"uv": [1, 13, 15, 15], "texture": "#rail"},
				"down": {"uv": [1, 12, 15, 10], "texture": "#1"}
			}
		},
		{
			"from": [6, 1, 0],
			"to": [7, 2, 16],
			"faces": {
				"north": {"uv": [9, 9, 10, 10], "texture": "#1"},
				"east": {"uv": [0, 9, 16, 10], "texture": "#1"},
				"south": {"uv": [6, 9, 7, 10], "texture": "#1"},
				"west": {"uv": [0, 9, 16, 10], "texture": "#1"},
				"up": {"uv": [0, 9, 16, 10], "rotation": 270, "texture": "#1"},
				"down": {"uv": [0, 9, 16, 10], "rotation": 90, "texture": "#1"}
			}
		},
		{
			"from": [9, 1, 0],
			"to": [10, 2, 16],
			"faces": {
				"north": {"uv": [6, 9, 7, 10], "texture": "#1"},
				"east": {"uv": [0, 9, 16, 10], "texture": "#1"},
				"south": {"uv": [9, 9, 10, 10], "texture": "#1"},
				"west": {"uv": [0, 9, 16, 10], "texture": "#1"},
				"up": {"uv": [0, 9, 16, 10], "rotation": 270, "texture": "#1"},
				"down": {"uv": [0, 9, 16, 10], "rotation": 90, "texture": "#1"}
			}
		},
		{
			"from": [10, 1, 1],
			"to": [12, 2, 3],
			"faces": {
				"north": {"uv": [4, 8, 6, 9], "texture": "#1"},
				"east": {"uv": [13, 8, 15, 9], "texture": "#1"},
				"south": {"uv": [10, 8, 12, 9], "texture": "#1"},
				"west": {"uv": [1, 8, 3, 9], "texture": "#1"},
				"up": {"uv": [10, 1, 12, 3], "texture": "#rail"},
				"down": {"uv": [4, 3, 6, 1], "texture": "#rail"}
			}
		},
		{
			"from": [4, 1, 1],
			"to": [6, 2, 3],
			"faces": {
				"north": {"uv": [10, 8, 12, 9], "texture": "#1"},
				"east": {"uv": [13, 8, 15, 9], "texture": "#1"},
				"south": {"uv": [4, 8, 6, 9], "texture": "#1"},
				"west": {"uv": [1, 8, 3, 9], "texture": "#1"},
				"up": {"uv": [4, 1, 6, 3], "texture": "#rail"},
				"down": {"uv": [10, 3, 12, 1], "texture": "#rail"}
			}
		},
		{
			"from": [10, 1, 5],
			"to": [12, 2, 7],
			"faces": {
				"north": {"uv": [4, 8, 6, 9], "texture": "#1"},
				"east": {"uv": [9, 8, 11, 9], "texture": "#1"},
				"south": {"uv": [10, 8, 12, 9], "texture": "#1"},
				"west": {"uv": [5, 8, 7, 9], "texture": "#1"},
				"up": {"uv": [10, 5, 12, 7], "texture": "#rail"},
				"down": {"uv": [4, 7, 6, 5], "texture": "#rail"}
			}
		},
		{
			"from": [4, 1, 5],
			"to": [6, 2, 7],
			"faces": {
				"north": {"uv": [10, 8, 12, 9], "texture": "#1"},
				"east": {"uv": [9, 8, 11, 9], "texture": "#1"},
				"south": {"uv": [4, 8, 6, 9], "texture": "#1"},
				"west": {"uv": [5, 8, 7, 9], "texture": "#1"},
				"up": {"uv": [4, 5, 6, 7], "texture": "#rail"},
				"down": {"uv": [10, 7, 12, 5], "texture": "#rail"}
			}
		},
		{
			"from": [10, 1, 9],
			"to": [12, 2, 11],
			"faces": {
				"north": {"uv": [4, 8, 6, 9], "texture": "#1"},
				"east": {"uv": [5, 8, 7, 9], "texture": "#1"},
				"south": {"uv": [10, 8, 12, 9], "texture": "#1"},
				"west": {"uv": [9, 8, 11, 9], "texture": "#1"},
				"up": {"uv": [10, 9, 12, 11], "texture": "#rail"},
				"down": {"uv": [4, 11, 6, 9], "texture": "#rail"}
			}
		},
		{
			"from": [4, 1, 9],
			"to": [6, 2, 11],
			"faces": {
				"north": {"uv": [10, 8, 12, 9], "texture": "#1"},
				"east": {"uv": [5, 8, 7, 9], "texture": "#1"},
				"south": {"uv": [4, 8, 6, 9], "texture": "#1"},
				"west": {"uv": [9, 8, 11, 9], "texture": "#1"},
				"up": {"uv": [4, 9, 6, 11], "texture": "#rail"},
				"down": {"uv": [10, 11, 12, 9], "texture": "#rail"}
			}
		},
		{
			"from": [10, 1, 13],
			"to": [12, 2, 15],
			"faces": {
				"north": {"uv": [4, 8, 6, 9], "texture": "#1"},
				"east": {"uv": [1, 8, 3, 9], "texture": "#1"},
				"south": {"uv": [10, 8, 12, 9], "texture": "#1"},
				"west": {"uv": [13, 8, 15, 9], "texture": "#1"},
				"up": {"uv": [10, 13, 12, 15], "texture": "#rail"},
				"down": {"uv": [4, 15, 6, 13], "texture": "#rail"}
			}
		},
		{
			"from": [4, 1, 13],
			"to": [6, 2, 15],
			"faces": {
				"north": {"uv": [10, 8, 12, 9], "texture": "#1"},
				"east": {"uv": [1, 8, 3, 9], "texture": "#1"},
				"south": {"uv": [4, 8, 6, 9], "texture": "#1"},
				"west": {"uv": [13, 8, 15, 9], "texture": "#1"},
				"up": {"uv": [4, 13, 6, 15], "texture": "#rail"},
				"down": {"uv": [10, 15, 12, 13], "texture": "#rail"}
			}
		},
		{
			"from": [7, 0, 1],
			"to": [9, 1, 15],
			"faces": {
				"north": {"uv": [7, 10, 9, 11], "texture": "#1"},
				"east": {"uv": [1, 8, 15, 9], "texture": "#1"},
				"south": {"uv": [7, 11, 9, 12], "texture": "#1"},
				"west": {"uv": [1, 8, 15, 9], "texture": "#1"},
				"up": {"uv": [7, 1, 9, 15], "texture": "#rail"},
				"down": {"uv": [7, 15, 9, 1], "texture": "#rail"}
			}
		}
	]
}