{
	"parent": "block/rail_flat",
	"textures": {
		"1": "minecraft:block/rail_bars",
		"particle": "minecraft:block/rail_bars",
		"rail": "minecraft:block/activator_rail_on"
	},
	"elements": [
		{
			"from": [2, 8, 1],
			"to": [4, 9, 17],
			"rotation": {"angle": -45, "axis": "x", "origin": [8, 8, 8], "rescale": true},
			"faces": {
				"north": {"uv": [12, 14, 14, 15], "texture": "#1"},
				"east": {"uv": [0, 15, 16, 16], "texture": "#1"},
				"south": {"uv": [2, 14, 4, 15], "texture": "#1"},
				"west": {"uv": [0, 14, 16, 15], "texture": "#1"},
				"up": {"uv": [2, 0, 4, 16], "texture": "#rail"},
				"down": {"uv": [2, 0, 4, 16], "texture": "#rail"}
			}
		},
		{
			"from": [12, 8, 1],
			"to": [14, 9, 17],
			"rotation": {"angle": -45, "axis": "x", "origin": [8, 8, 8], "rescale": true},
			"faces": {
				"north": {"uv": [2, 14, 4, 15], "texture": "#1"},
				"east": {"uv": [0, 14, 16, 15], "texture": "#1"},
				"south": {"uv": [12, 14, 14, 15], "texture": "#1"},
				"west": {"uv": [0, 15, 16, 16], "texture": "#1"},
				"up": {"uv": [12, 0, 14, 16], "texture": "#rail"},
				"down": {"uv": [12, 0, 14, 16], "texture": "#rail"}
			}
		},
		{
			"from": [1, 7, 2],
			"to": [15, 8, 4],
			"rotation": {"angle": -45, "axis": "x", "origin": [8, 8, 8], "rescale": true},
			"faces": {
				"north": {"uv": [1, 10, 15, 11], "texture": "#1"},
				"east": {"uv": [13, 10, 15, 11], "texture": "#1"},
				"south": {"uv": [1, 11, 15, 12], "texture": "#1"},
				"west": {"uv": [1, 10, 3, 11], "texture": "#1"},
				"up": {"uv": [1, 1, 15, 3], "texture": "#rail"},
				"down": {"uv": [1, 12, 15, 10], "texture": "#1"}
			}
		},
		{
			"from": [1, 7, 6],
			"to": [15, 8, 8],
			"rotation": {"angle": -45, "axis": "x", "origin": [8, 8, 8], "rescale": true},
			"faces": {
				"north": {"uv": [1, 10, 15, 11], "texture": "#1"},
				"east": {"uv": [9, 10, 11, 11], "texture": "#1"},
				"south": {"uv": [1, 11, 15, 12], "texture": "#1"},
				"west": {"uv": [5, 10, 7, 11], "texture": "#1"},
				"up": {"uv": [1, 5, 15, 7], "texture": "#rail"},
				"down": {"uv": [1, 12, 15, 10], "texture": "#1"}
			}
		},
		{
			"from": [1, 7, 10],
			"to": [15, 8, 12],
			"rotation": {"angle": -45, "axis": "x", "origin": [8, 8, 8], "rescale": true},
			"faces": {
				"north": {"uv": [1, 10, 15, 11], "texture": "#1"},
				"east": {"uv": [5, 10, 7, 11], "texture": "#1"},
				"south": {"uv": [1, 11, 15, 12], "texture": "#1"},
				"west": {"uv": [9, 10, 11, 11], "texture": "#1"},
				"up": {"uv": [1, 9, 15, 11], "texture": "#rail"},
				"down": {"uv": [1, 12, 15, 10], "texture": "#1"}
			}
		},
		{
			"from": [1, 7, 14],
			"to": [15, 8, 16],
			"rotation": {"angle": -45, "axis": "x", "origin": [8, 8, 8], "rescale": true},
			"faces": {
				"north": {"uv": [1, 10, 15, 11], "texture": "#1"},
				"east": {"uv": [1, 10, 3, 11], "texture": "#1"},
				"south": {"uv": [1, 11, 15, 12], "texture": "#1"},
				"west": {"uv": [13, 10, 15, 11], "texture": "#1"},
				"up": {"uv": [1, 13, 15, 15], "texture": "#rail"},
				"down": {"uv": [1, 12, 15, 10], "texture": "#1"}
			}
		},
		{
			"from": [6, 8, 1],
			"to": [7, 9, 17],
			"rotation": {"angle": -45, "axis": "x", "origin": [8, 8, 8], "rescale": true},
			"faces": {
				"north": {"uv": [9, 9, 10, 10], "texture": "#1"},
				"east": {"uv": [0, 9, 16, 10], "texture": "#1"},
				"south": {"uv": [6, 9, 7, 10], "texture": "#1"},
				"west": {"uv": [0, 9, 16, 10], "texture": "#1"},
				"up": {"uv": [0, 9, 16, 10], "rotation": 270, "texture": "#1"},
				"down": {"uv": [0, 9, 16, 10], "rotation": 90, "texture": "#1"}
			}
		},
		{
			"from": [9, 8, 1],
			"to": [10, 9, 17],
			"rotation": {"angle": -45, "axis": "x", "origin": [8, 8, 8], "rescale": true},
			"faces": {
				"north": {"uv": [6, 9, 7, 10], "texture": "#1"},
				"east": {"uv": [0, 9, 16, 10], "texture": "#1"},
				"south": {"uv": [9, 9, 10, 10], "texture": "#1"},
				"west": {"uv": [0, 9, 16, 10], "texture": "#1"},
				"up": {"uv": [0, 9, 16, 10], "rotation": 270, "texture": "#1"},
				"down": {"uv": [0, 9, 16, 10], "rotation": 90, "texture": "#1"}
			}
		},
		{
			"from": [10, 8, 2],
			"to": [12, 9, 4],
			"rotation": {"angle": -45, "axis": "x", "origin": [8, 8, 8], "rescale": true},
			"faces": {
				"north": {"uv": [4, 7, 6, 8], "texture": "#1"},
				"east": {"uv": [13, 7, 15, 8], "texture": "#1"},
				"south": {"uv": [10, 7, 12, 8], "texture": "#1"},
				"west": {"uv": [1, 7, 3, 8], "texture": "#1"},
				"up": {"uv": [10, 1, 12, 3], "texture": "#rail"},
				"down": {"uv": [4, 3, 6, 1], "texture": "#rail"}
			}
		},
		{
			"from": [4, 8, 2],
			"to": [6, 9, 4],
			"rotation": {"angle": -45, "axis": "x", "origin": [8, 8, 8], "rescale": true},
			"faces": {
				"north": {"uv": [10, 7, 12, 8], "texture": "#1"},
				"east": {"uv": [13, 7, 15, 8], "texture": "#1"},
				"south": {"uv": [4, 7, 6, 8], "texture": "#1"},
				"west": {"uv": [1, 7, 3, 8], "texture": "#1"},
				"up": {"uv": [4, 1, 6, 3], "texture": "#rail"},
				"down": {"uv": [10, 3, 12, 1], "texture": "#rail"}
			}
		},
		{
			"from": [10, 8, 6],
			"to": [12, 9, 8],
			"rotation": {"angle": -45, "axis": "x", "origin": [8, 8, 8], "rescale": true},
			"faces": {
				"north": {"uv": [4, 7, 6, 8], "texture": "#1"},
				"east": {"uv": [9, 7, 11, 8], "texture": "#1"},
				"south": {"uv": [10, 7, 12, 8], "texture": "#1"},
				"west": {"uv": [5, 7, 7, 8], "texture": "#1"},
				"up": {"uv": [10, 5, 12, 7], "texture": "#rail"},
				"down": {"uv": [4, 7, 6, 5], "texture": "#rail"}
			}
		},
		{
			"from": [4, 8, 6],
			"to": [6, 9, 8],
			"rotation": {"angle": -45, "axis": "x", "origin": [8, 8, 8], "rescale": true},
			"faces": {
				"north": {"uv": [10, 7, 12, 8], "texture": "#1"},
				"east": {"uv": [9, 7, 11, 8], "texture": "#1"},
				"south": {"uv": [4, 7, 6, 8], "texture": "#1"},
				"west": {"uv": [5, 7, 7, 8], "texture": "#1"},
				"up": {"uv": [4, 5, 6, 7], "texture": "#rail"},
				"down": {"uv": [10, 7, 12, 5], "texture": "#rail"}
			}
		},
		{
			"from": [10, 8, 10],
			"to": [12, 9, 12],
			"rotation": {"angle": -45, "axis": "x", "origin": [8, 8, 8], "rescale": true},
			"faces": {
				"north": {"uv": [4, 7, 6, 8], "texture": "#1"},
				"east": {"uv": [5, 7, 7, 8], "texture": "#1"},
				"south": {"uv": [10, 7, 12, 8], "texture": "#1"},
				"west": {"uv": [9, 7, 11, 8], "texture": "#1"},
				"up": {"uv": [10, 9, 12, 11], "texture": "#rail"},
				"down": {"uv": [4, 11, 6, 9], "texture": "#rail"}
			}
		},
		{
			"from": [4, 8, 10],
			"to": [6, 9, 12],
			"rotation": {"angle": -45, "axis": "x", "origin": [8, 8, 8], "rescale": true},
			"faces": {
				"north": {"uv": [10, 7, 12, 8], "texture": "#1"},
				"east": {"uv": [5, 7, 7, 8], "texture": "#1"},
				"south": {"uv": [4, 7, 6, 8], "texture": "#1"},
				"west": {"uv": [9, 7, 11, 8], "texture": "#1"},
				"up": {"uv": [4, 9, 6, 11], "texture": "#rail"},
				"down": {"uv": [10, 11, 12, 9], "texture": "#rail"}
			}
		},
		{
			"from": [10, 14, 7],
			"to": [12, 16, 8],
			"rotation": {"angle": 45, "axis": "x", "origin": [8, 8, 8], "rescale": true},
			"faces": {
				"north": {"uv": [10, 13, 12, 15], "rotation": 180, "texture": "#rail"},
				"east": {"uv": [0.9, 7, 2.9, 8], "rotation": 90, "texture": "#1"},
				"south": {"uv": [4, 15, 6, 13], "texture": "#rail"},
				"west": {"uv": [13, 7, 15, 8], "rotation": 270, "texture": "#1"},
				"up": {"uv": [10, 7, 12, 8], "texture": "#1"},
				"down": {"uv": [3.9, 7, 5.9, 8], "rotation": 180, "texture": "#1"}
			}
		},
		{
			"from": [4, 8, 14],
			"to": [6, 9, 16],
			"rotation": {"angle": -45, "axis": "x", "origin": [8, 8, 8], "rescale": true},
			"faces": {
				"north": {"uv": [10, 7, 12, 8], "texture": "#1"},
				"east": {"uv": [1, 7, 3, 8], "texture": "#1"},
				"south": {"uv": [4, 7, 6, 8], "texture": "#1"},
				"west": {"uv": [13, 7, 15, 8], "texture": "#1"},
				"up": {"uv": [4, 13, 6, 15], "texture": "#rail"},
				"down": {"uv": [10, 15, 12, 13], "texture": "#rail"}
			}
		},
		{
			"from": [7, 2, 8],
			"to": [9, 16, 9],
			"rotation": {"angle": 45, "axis": "x", "origin": [8, 8, 8], "rescale": true},
			"faces": {
				"north": {"uv": [7, 1, 9, 15], "rotation": 180, "texture": "#rail"},
				"east": {"uv": [1, 7, 15, 8], "rotation": 90, "texture": "#1"},
				"south": {"uv": [7, 15, 9, 1], "texture": "#rail"},
				"west": {"uv": [1, 7, 15, 8], "rotation": 270, "texture": "#1"},
				"up": {"uv": [7, 11, 9, 12], "texture": "#1"},
				"down": {"uv": [7, 10, 9, 11], "rotation": 180, "texture": "#1"}
			}
		}
	]
}