{
	"parent": "minecraft:block/crop",
	"textures": {
		"1": "block/plants",
		"2": "block/beetroots_stage02",
		"crop": "minecraft:block/beetroots_stage2",
		"particle": "block/plants"
	},
	"elements": [
		{
			"from": [12, 0, 0],
			"to": [12, 16, 16],
			"shade": false,
			"faces": {
				"north": {"uv": [0, 0, 0, 0], "texture": "#crop"},
				"east": {"uv": [0, 0, 16, 16], "texture": "#crop"},
				"south": {"uv": [0, 0, 0, 0], "texture": "#crop"},
				"west": {"uv": [16, 0, 0, 16], "texture": "#crop"},
				"up": {"uv": [0, 0, 0, 0], "texture": "#crop"},
				"down": {"uv": [0, 0, 0, 0], "texture": "#crop"}
			}
		},
		{
			"from": [0, 0, 12],
			"to": [16, 16, 12],
			"shade": false,
			"faces": {
				"north": {"uv": [16, 0, 0, 16], "texture": "#2"},
				"east": {"uv": [0, 0, 0, 0], "texture": "#2"},
				"south": {"uv": [0, 0, 16, 16], "texture": "#2"},
				"west": {"uv": [0, 0, 0, 0], "texture": "#2"},
				"up": {"uv": [0, 0, 0, 0], "texture": "#2"},
				"down": {"uv": [0, 0, 0, 0], "texture": "#2"}
			}
		},
		{
			"from": [4, 0, 0],
			"to": [4, 16, 16],
			"shade": false,
			"faces": {
				"north": {"uv": [0, 0, 0, 0], "texture": "#crop"},
				"east": {"uv": [16, 0, 0, 16], "texture": "#crop"},
				"south": {"uv": [0, 0, 0, 0], "texture": "#crop"},
				"west": {"uv": [0, 0, 16, 16], "texture": "#crop"},
				"up": {"uv": [0, 0, 0, 0], "texture": "#crop"},
				"down": {"uv": [0, 0, 0, 0], "texture": "#crop"}
			}
		},
		{
			"from": [0, 0, 4],
			"to": [16, 16, 4],
			"shade": false,
			"faces": {
				"north": {"uv": [0, 0, 16, 16], "texture": "#2"},
				"east": {"uv": [0, 0, 0, 0], "texture": "#2"},
				"south": {"uv": [16, 0, 0, 16], "texture": "#2"},
				"west": {"uv": [0, 0, 0, 0], "texture": "#2"},
				"up": {"uv": [0, 0, 0, 0], "texture": "#2"},
				"down": {"uv": [0, 0, 0, 0], "texture": "#2"}
			}
		},
		{
			"from": [0, 0, 8],
			"to": [16, 16, 8],
			"shade": false,
			"faces": {
				"north": {"uv": [0, 0, 16, 16], "texture": "#2"},
				"east": {"uv": [0, 0, 0, 0], "texture": "#2"},
				"south": {"uv": [16, 0, 0, 16], "texture": "#2"},
				"west": {"uv": [0, 0, 0, 0], "texture": "#2"},
				"up": {"uv": [0, 0, 0, 0], "texture": "#2"},
				"down": {"uv": [0, 0, 0, 0], "texture": "#2"}
			}
		},
		{
			"from": [2, -1, 2],
			"to": [5, 1, 5],
			"faces": {
				"north": {"uv": [0, 14, 3, 16], "texture": "#1"},
				"east": {"uv": [0, 14, 3, 16], "texture": "#1"},
				"south": {"uv": [0, 14, 3, 16], "texture": "#1"},
				"west": {"uv": [0, 14, 3, 16], "texture": "#1"},
				"up": {"uv": [0, 7, 3, 10], "texture": "#1"},
				"down": {"uv": [0, 7, 3, 10], "texture": "#1"}
			}
		},
		{
			"from": [2, -1, 7],
			"to": [5, 1, 10],
			"faces": {
				"north": {"uv": [0, 14, 3, 16], "texture": "#1"},
				"east": {"uv": [0, 14, 3, 16], "texture": "#1"},
				"south": {"uv": [0, 14, 3, 16], "texture": "#1"},
				"west": {"uv": [0, 14, 3, 16], "texture": "#1"},
				"up": {"uv": [0, 7, 3, 10], "texture": "#1"},
				"down": {"uv": [0, 7, 3, 10], "texture": "#1"}
			}
		},
		{
			"from": [2, -1, 11],
			"to": [5, 1, 14],
			"faces": {
				"north": {"uv": [0, 14, 3, 16], "texture": "#1"},
				"east": {"uv": [0, 14, 3, 16], "texture": "#1"},
				"south": {"uv": [0, 14, 3, 16], "texture": "#1"},
				"west": {"uv": [0, 14, 3, 16], "texture": "#1"},
				"up": {"uv": [0, 7, 3, 10], "texture": "#1"},
				"down": {"uv": [0, 7, 3, 10], "texture": "#1"}
			}
		},
		{
			"from": [11, -1, 11],
			"to": [14, 1, 14],
			"faces": {
				"north": {"uv": [0, 14, 3, 16], "texture": "#1"},
				"east": {"uv": [0, 14, 3, 16], "texture": "#1"},
				"south": {"uv": [0, 14, 3, 16], "texture": "#1"},
				"west": {"uv": [0, 14, 3, 16], "texture": "#1"},
				"up": {"uv": [0, 7, 3, 10], "texture": "#1"},
				"down": {"uv": [0, 7, 3, 10], "texture": "#1"}
			}
		},
		{
			"from": [11, -1, 7],
			"to": [14, 1, 10],
			"faces": {
				"north": {"uv": [0, 14, 3, 16], "texture": "#1"},
				"east": {"uv": [0, 14, 3, 16], "texture": "#1"},
				"south": {"uv": [0, 14, 3, 16], "texture": "#1"},
				"west": {"uv": [0, 14, 3, 16], "texture": "#1"},
				"up": {"uv": [0, 7, 3, 10], "texture": "#1"},
				"down": {"uv": [0, 7, 3, 10], "texture": "#1"}
			}
		},
		{
			"from": [11, -1, 2],
			"to": [14, 1, 5],
			"faces": {
				"north": {"uv": [0, 14, 3, 16], "texture": "#1"},
				"east": {"uv": [0, 14, 3, 16], "texture": "#1"},
				"south": {"uv": [0, 14, 3, 16], "texture": "#1"},
				"west": {"uv": [0, 14, 3, 16], "texture": "#1"},
				"up": {"uv": [0, 7, 3, 10], "texture": "#1"},
				"down": {"uv": [0, 7, 3, 10], "texture": "#1"}
			}
		}
	]
}