{
	"parent": "minecraft:block/crop",
	"textures": {
		"1": "block/plants",
		"2": "block/beetroots_stage03",
		"crop": "minecraft:block/beetroots_stage3",
		"particle": "block/plants"
	},
	"elements": [
		{
			"from": [12, 0, 0],
			"to": [12, 16, 16],
			"shade": false,
			"faces": {
				"north": {"uv": [0, 0, 0, 0], "texture": "#crop"},
				"east": {"uv": [0, 0, 16, 16], "texture": "#crop"},
				"south": {"uv": [0, 0, 0, 0], "texture": "#crop"},
				"west": {"uv": [16, 0, 0, 16], "texture": "#crop"},
				"up": {"uv": [0, 0, 0, 0], "texture": "#crop"},
				"down": {"uv": [0, 0, 0, 0], "texture": "#crop"}
			}
		},
		{
			"from": [0, 0, 12],
			"to": [16, 16, 12],
			"shade": false,
			"faces": {
				"north": {"uv": [16, 0, 0, 16], "texture": "#2"},
				"east": {"uv": [0, 0, 0, 0], "texture": "#2"},
				"south": {"uv": [0, 0, 16, 16], "texture": "#2"},
				"west": {"uv": [0, 0, 0, 0], "texture": "#2"},
				"up": {"uv": [0, 0, 0, 0], "texture": "#2"},
				"down": {"uv": [0, 0, 0, 0], "texture": "#2"}
			}
		},
		{
			"from": [4, 0, 0],
			"to": [4, 16, 16],
			"shade": false,
			"faces": {
				"north": {"uv": [0, 0, 0, 0], "texture": "#crop"},
				"east": {"uv": [16, 0, 0, 16], "texture": "#crop"},
				"south": {"uv": [0, 0, 0, 0], "texture": "#crop"},
				"west": {"uv": [0, 0, 16, 16], "texture": "#crop"},
				"up": {"uv": [0, 0, 0, 0], "texture": "#crop"},
				"down": {"uv": [0, 0, 0, 0], "texture": "#crop"}
			}
		},
		{
			"from": [0, 0, 4],
			"to": [16, 16, 4],
			"shade": false,
			"faces": {
				"north": {"uv": [0, 0, 16, 16], "texture": "#2"},
				"east": {"uv": [0, 0, 0, 0], "texture": "#2"},
				"south": {"uv": [16, 0, 0, 16], "texture": "#2"},
				"west": {"uv": [0, 0, 0, 0], "texture": "#2"},
				"up": {"uv": [0, 0, 0, 0], "texture": "#2"},
				"down": {"uv": [0, 0, 0, 0], "texture": "#2"}
			}
		},
		{
			"from": [0, 0, 8],
			"to": [16, 16, 8],
			"shade": false,
			"faces": {
				"north": {"uv": [0, 0, 16, 16], "texture": "#2"},
				"east": {"uv": [0, 0, 0, 0], "texture": "#2"},
				"south": {"uv": [16, 0, 0, 16], "texture": "#2"},
				"west": {"uv": [0, 0, 0, 0], "texture": "#2"},
				"up": {"uv": [0, 0, 0, 0], "texture": "#2"},
				"down": {"uv": [0, 0, 0, 0], "texture": "#2"}
			}
		},
		{
			"from": [1, 0, 1],
			"to": [5, 2, 5],
			"faces": {
				"north": {"uv": [0, 14, 4, 16], "texture": "#1"},
				"east": {"uv": [0, 14, 4, 16], "texture": "#1"},
				"south": {"uv": [0, 14, 4, 16], "texture": "#1"},
				"west": {"uv": [0, 14, 4, 16], "texture": "#1"},
				"up": {"uv": [0, 10, 4, 14], "texture": "#1"},
				"down": {"uv": [0, 10, 4, 14], "texture": "#1"}
			}
		},
		{
			"from": [1, 0, 6],
			"to": [5, 2, 10],
			"faces": {
				"north": {"uv": [0, 14, 4, 16], "texture": "#1"},
				"east": {"uv": [0, 14, 4, 16], "texture": "#1"},
				"south": {"uv": [0, 14, 4, 16], "texture": "#1"},
				"west": {"uv": [0, 14, 4, 16], "texture": "#1"},
				"up": {"uv": [0, 10, 4, 14], "texture": "#1"},
				"down": {"uv": [0, 10, 4, 14], "texture": "#1"}
			}
		},
		{
			"from": [1, 0, 11],
			"to": [5, 2, 15],
			"faces": {
				"north": {"uv": [0, 14, 4, 16], "texture": "#1"},
				"east": {"uv": [0, 14, 4, 16], "texture": "#1"},
				"south": {"uv": [0, 14, 4, 16], "texture": "#1"},
				"west": {"uv": [0, 14, 4, 16], "texture": "#1"},
				"up": {"uv": [0, 10, 4, 14], "texture": "#1"},
				"down": {"uv": [0, 10, 4, 14], "texture": "#1"}
			}
		},
		{
			"from": [11, 0, 11],
			"to": [15, 2, 15],
			"faces": {
				"north": {"uv": [0, 14, 4, 16], "texture": "#1"},
				"east": {"uv": [0, 14, 4, 16], "texture": "#1"},
				"south": {"uv": [0, 14, 4, 16], "texture": "#1"},
				"west": {"uv": [0, 14, 4, 16], "texture": "#1"},
				"up": {"uv": [0, 10, 4, 14], "texture": "#1"},
				"down": {"uv": [0, 10, 4, 14], "texture": "#1"}
			}
		},
		{
			"from": [11, 0, 6],
			"to": [15, 2, 10],
			"faces": {
				"north": {"uv": [0, 14, 4, 16], "texture": "#1"},
				"east": {"uv": [0, 14, 4, 16], "texture": "#1"},
				"south": {"uv": [0, 14, 4, 16], "texture": "#1"},
				"west": {"uv": [0, 14, 4, 16], "texture": "#1"},
				"up": {"uv": [0, 10, 4, 14], "texture": "#1"},
				"down": {"uv": [0, 10, 4, 14], "texture": "#1"}
			}
		},
		{
			"from": [11, 0, 1],
			"to": [15, 2, 5],
			"faces": {
				"north": {"uv": [0, 14, 4, 16], "texture": "#1"},
				"east": {"uv": [0, 14, 4, 16], "texture": "#1"},
				"south": {"uv": [0, 14, 4, 16], "texture": "#1"},
				"west": {"uv": [0, 14, 4, 16], "texture": "#1"},
				"up": {"uv": [0, 10, 4, 14], "texture": "#1"},
				"down": {"uv": [0, 10, 4, 14], "texture": "#1"}
			}
		}
	]
}