{
	"parent": "minecraft:block/fence_side",
	"textures": {
		"1": "minecraft:block/birch_fence_top",
		"texture": "minecraft:block/birch_planks",
		"particle": "minecraft:birch_fence_top"
	},
	"elements": [
		{
			"from": [7, 2, 0],
			"to": [9, 4, 6],
			"faces": {
				"north": {"uv": [7, 12, 9, 14], "texture": "#texture"},
				"east": {"uv": [10, 12, 16, 14], "texture": "#texture"},
				"south": {"uv": [7, 12, 9, 14], "texture": "#texture"},
				"west": {"uv": [0, 12, 6, 14], "texture": "#texture"},
				"up": {"uv": [7, 0, 9, 6], "texture": "#1"},
				"down": {"uv": [7, 10, 9, 16], "texture": "#1"}
			}
		},
		{
			"from": [7, 12, 0],
			"to": [9, 14, 6],
			"faces": {
				"north": {"uv": [7, 2, 9, 4], "texture": "#texture"},
				"east": {"uv": [10, 2, 16, 4], "texture": "#texture"},
				"south": {"uv": [7, 2, 9, 4], "texture": "#texture"},
				"west": {"uv": [0, 2, 6, 4], "texture": "#texture"},
				"up": {"uv": [7, 0, 9, 6], "texture": "#1"},
				"down": {"uv": [7, 10, 9, 16], "texture": "#1"}
			}
		},
		{
			"from": [7, 7, 0],
			"to": [9, 9, 6],
			"faces": {
				"north": {"uv": [7, 7, 9, 9], "texture": "#texture"},
				"east": {"uv": [10, 7, 16, 9], "texture": "#texture"},
				"south": {"uv": [7, 7, 9, 9], "texture": "#texture"},
				"west": {"uv": [0, 7, 6, 9], "texture": "#texture"},
				"up": {"uv": [7, 0, 9, 6], "texture": "#1"},
				"down": {"uv": [7, 10, 9, 16], "texture": "#1"}
			}
		}
	]
}