{
	"parent": "minecraft:block/template_orientable_trapdoor_bottom",
	"textures": {
		"1": "block/birch_trapdoor_side",
		"particle": "block/birch_trapdoor_side",
		"texture": "minecraft:block/birch_trapdoor"
	},
	"elements": [
		{
			"from": [13, 0, 0],
			"to": [16, 3, 16],
			"faces": {
				"north": {"uv": [0, 13, 3, 16], "texture": "#1"},
				"east": {"uv": [0, 13, 16, 16], "texture": "#1"},
				"south": {"uv": [13, 13, 16, 16], "texture": "#1"},
				"west": {"uv": [0, 13, 16, 16], "texture": "#1"},
				"up": {"uv": [0, 0, 3, 16], "rotation": 180, "texture": "#texture"},
				"down": {"uv": [16, 16, 13, 0], "rotation": 180, "texture": "#texture"}
			}
		},
		{
			"from": [0, 0, 0],
			"to": [3, 3, 16],
			"faces": {
				"north": {"uv": [13, 13, 16, 16], "texture": "#1"},
				"east": {"uv": [0, 13, 16, 16], "texture": "#1"},
				"south": {"uv": [0, 13, 3, 16], "texture": "#1"},
				"west": {"uv": [0, 13, 16, 16], "texture": "#1"},
				"up": {"uv": [13, 0, 16, 16], "rotation": 180, "texture": "#texture"},
				"down": {"uv": [3, 16, 0, 0], "rotation": 180, "texture": "#texture"}
			}
		},
		{
			"from": [0, 0, 0],
			"to": [16, 3, 3],
			"faces": {
				"north": {"uv": [0, 13, 16, 16], "texture": "#1"},
				"east": {"uv": [13, 13, 16, 16], "texture": "#1"},
				"south": {"uv": [0, 13, 16, 16], "texture": "#1"},
				"west": {"uv": [0, 13, 3, 16], "texture": "#1"},
				"up": {"uv": [0, 13, 16, 16], "rotation": 180, "texture": "#texture"},
				"down": {"uv": [16, 16, 0, 13], "rotation": 180, "texture": "#texture"}
			}
		},
		{
			"from": [0, 0, 13],
			"to": [16, 3, 16],
			"faces": {
				"north": {"uv": [0, 13, 16, 16], "texture": "#1"},
				"east": {"uv": [0, 13, 3, 16], "texture": "#1"},
				"south": {"uv": [0, 13, 16, 16], "texture": "#1"},
				"west": {"uv": [13, 13, 16, 16], "texture": "#1"},
				"up": {"uv": [0, 0, 16, 3], "rotation": 180, "texture": "#texture"},
				"down": {"uv": [16, 3, 0, 0], "rotation": 180, "texture": "#texture"}
			}
		},
		{
			"from": [0, 1, 0],
			"to": [16, 2, 16],
			"faces": {
				"north": {"uv": [0, 14, 16, 15], "texture": "#1"},
				"east": {"uv": [0, 14, 16, 15], "texture": "#1"},
				"south": {"uv": [0, 14, 16, 15], "texture": "#1"},
				"west": {"uv": [0, 14, 16, 15], "texture": "#1"},
				"up": {"uv": [0, 0, 16, 16], "rotation": 180, "texture": "#texture"},
				"down": {"uv": [0, 16, 16, 0], "rotation": 180, "texture": "#texture"}
			}
		},
		{
			"from": [5, 0, 0],
			"to": [11, 3, 4],
			"faces": {
				"north": {"uv": [5, 13, 11, 16], "texture": "#1"},
				"east": {"uv": [12, 13, 16, 16], "texture": "#1"},
				"south": {"uv": [5, 13, 11, 16], "texture": "#1"},
				"west": {"uv": [0, 13, 4, 16], "texture": "#1"},
				"up": {"uv": [5, 12, 11, 16], "rotation": 180, "texture": "#texture"},
				"down": {"uv": [11, 16, 5, 12], "rotation": 180, "texture": "#texture"}
			}
		}
	]
}