{
	"parent": "block/block",
	"textures": {
		"1": "block/brown_mushroom_top",
		"2": "block/mushroom_bottom",
		"cross": "minecraft:block/brown_mushroom",
		"particle": "block/brown_mushroom_top"
	},
	"elements": [
		{
			"from": [7, 0, 7],
			"to": [9, 5, 9],
			"faces": {
				"north": {"uv": [7, 11, 9, 16], "texture": "#cross"},
				"east": {"uv": [7, 11, 9, 16], "texture": "#cross"},
				"south": {"uv": [7, 11, 9, 16], "texture": "#cross"},
				"west": {"uv": [7, 11, 9, 16], "texture": "#cross"},
				"up": {"uv": [7, 7, 9, 9], "texture": "#2"},
				"down": {"uv": [7, 7, 9, 9], "texture": "#2"}
			}
		},
		{
			"from": [4, 5, 3],
			"to": [12, 9, 13],
			"faces": {
				"north": {"uv": [4, 7, 12, 11], "texture": "#cross"},
				"east": {"uv": [3, 7, 13, 11], "texture": "#cross"},
				"south": {"uv": [4, 7, 12, 11], "texture": "#cross"},
				"west": {"uv": [3, 7, 13, 11], "texture": "#cross"},
				"up": {"uv": [4, 3, 12, 13], "texture": "#1"},
				"down": {"uv": [4, 3, 12, 13], "texture": "#2"}
			}
		},
		{
			"from": [3, 5, 4],
			"to": [13, 9, 12],
			"faces": {
				"north": {"uv": [4, 7, 12, 11], "texture": "#cross"},
				"east": {"uv": [4, 7, 12, 11], "texture": "#cross"},
				"south": {"uv": [4, 7, 12, 11], "texture": "#cross"},
				"west": {"uv": [4, 7, 12, 11], "texture": "#cross"},
				"up": {"uv": [3, 4, 13, 12], "texture": "#1"},
				"down": {"uv": [3, 4, 13, 12], "texture": "#2"}
			}
		}
	]
}