{
	"credit": "Made by Endmir26",
	"parent": "block/block",
	"textures": {
		"particle": "#texture"
	},
	"elements": [
		{
			"from": [5, 6, 6],
			"to": [11, 10, 10],
			"faces": {
				"north": {"uv": [5, 12, 11, 16], "texture": "#texture"},
				"east": {"uv": [6, 12, 10, 16], "texture": "#texture"},
				"south": {"uv": [5, 12, 11, 16], "texture": "#texture"},
				"west": {"uv": [6, 12, 10, 16], "texture": "#texture"},
				"up": {"uv": [5, 10, 11, 6], "texture": "#texture"},
				"down": {"uv": [5, 6, 11, 10], "texture": "#texture"}
			}
		},
		{
			"from": [4, 5, 7],
			"to": [12, 11, 8],
			"faces": {
				"north": {"uv": [4, 5, 12, 11], "rotation": 180, "texture": "#texture"},
				"east": {"uv": [3, 5, 4, 11], "rotation": 180, "texture": "#texture"},
				"south": {"uv": [4, 5, 12, 11], "texture": "#texture"},
				"west": {"uv": [12, 5, 13, 11], "texture": "#texture"},
				"up": {"uv": [4, 4, 12, 5], "texture": "#texture"},
				"down": {"uv": [4, 11, 12, 12], "rotation": 180, "texture": "#texture"}
			}
		},
		{
			"from": [4, 5, 8],
			"to": [12, 11, 9],
			"faces": {
				"north": {"uv": [4, 5, 12, 11], "rotation": 180, "texture": "#texture"},
				"east": {"uv": [3, 5, 4, 11], "rotation": 180, "texture": "#texture"},
				"south": {"uv": [4, 5, 12, 11], "texture": "#texture"},
				"west": {"uv": [12, 5, 13, 11], "texture": "#texture"},
				"up": {"uv": [4, 4, 12, 5], "texture": "#texture"},
				"down": {"uv": [4, 11, 12, 12], "rotation": 180, "texture": "#texture"}
			}
		}
	]
}