{
	"parent": "minecraft:block/crop",
	"textures": {
		"2": "block/carrots_stage00",
		"3": "block/plants",
		"crop": "minecraft:block/carrots_stage0"
	},
	"elements": [
		{
			"from": [0, 0, 12],
			"to": [16, 16, 12],
			"shade": false,
			"faces": {
				"north": {"uv": [16, 0, 0, 16], "texture": "#2"},
				"east": {"uv": [0, 0, 0, 0], "texture": "#crop"},
				"south": {"uv": [0, 0, 16, 16], "texture": "#2"},
				"west": {"uv": [0, 0, 0, 0], "texture": "#crop"},
				"up": {"uv": [0, 0, 0, 0], "texture": "#crop"},
				"down": {"uv": [0, 0, 0, 0], "texture": "#crop"}
			}
		},
		{
			"from": [4, -1, 12],
			"to": [5, 0, 13],
			"faces": {
				"north": {"uv": [6, 12, 7, 13], "texture": "#3"},
				"east": {"uv": [6, 12, 7, 13], "texture": "#3"},
				"south": {"uv": [6, 12, 7, 13], "texture": "#3"},
				"west": {"uv": [6, 12, 7, 13], "texture": "#3"},
				"up": {"uv": [6, 11, 7, 12], "texture": "#3"},
				"down": {"uv": [5, 12, 6, 13], "texture": "#3"}
			}
		},
		{
			"from": [12, -1, 11],
			"to": [13, 0, 12],
			"faces": {
				"north": {"uv": [6, 12, 7, 13], "texture": "#3"},
				"east": {"uv": [6, 12, 7, 13], "texture": "#3"},
				"south": {"uv": [6, 12, 7, 13], "texture": "#3"},
				"west": {"uv": [6, 12, 7, 13], "texture": "#3"},
				"up": {"uv": [6, 11, 7, 12], "texture": "#3"},
				"down": {"uv": [5, 12, 6, 13], "texture": "#3"}
			}
		},
		{
			"from": [11, -1, 3],
			"to": [12, 0, 4],
			"faces": {
				"north": {"uv": [6, 12, 7, 13], "texture": "#3"},
				"east": {"uv": [6, 12, 7, 13], "texture": "#3"},
				"south": {"uv": [6, 12, 7, 13], "texture": "#3"},
				"west": {"uv": [6, 12, 7, 13], "texture": "#3"},
				"up": {"uv": [6, 11, 7, 12], "texture": "#3"},
				"down": {"uv": [5, 12, 6, 13], "texture": "#3"}
			}
		},
		{
			"from": [3, -1, 4],
			"to": [4, 0, 5],
			"faces": {
				"north": {"uv": [6, 12, 7, 13], "texture": "#3"},
				"east": {"uv": [6, 12, 7, 13], "texture": "#3"},
				"south": {"uv": [6, 12, 7, 13], "texture": "#3"},
				"west": {"uv": [6, 12, 7, 13], "texture": "#3"},
				"up": {"uv": [6, 11, 7, 12], "texture": "#3"},
				"down": {"uv": [5, 12, 6, 13], "texture": "#3"}
			}
		},
		{
			"from": [3, -1, 8],
			"to": [4, 0, 9],
			"faces": {
				"north": {"uv": [6, 12, 7, 13], "texture": "#3"},
				"east": {"uv": [6, 12, 7, 13], "texture": "#3"},
				"south": {"uv": [6, 12, 7, 13], "texture": "#3"},
				"west": {"uv": [6, 12, 7, 13], "texture": "#3"},
				"up": {"uv": [6, 11, 7, 12], "texture": "#3"},
				"down": {"uv": [5, 12, 6, 13], "texture": "#3"}
			}
		},
		{
			"from": [11, -1, 7],
			"to": [12, 0, 8],
			"faces": {
				"north": {"uv": [6, 12, 7, 13], "texture": "#3"},
				"east": {"uv": [6, 12, 7, 13], "texture": "#3"},
				"south": {"uv": [6, 12, 7, 13], "texture": "#3"},
				"west": {"uv": [6, 12, 7, 13], "texture": "#3"},
				"up": {"uv": [6, 11, 7, 12], "texture": "#3"},
				"down": {"uv": [5, 12, 6, 13], "texture": "#3"}
			}
		},
		{
			"from": [4, 0, 0],
			"to": [4, 16, 16],
			"shade": false,
			"faces": {
				"north": {"uv": [0, 0, 0, 0], "texture": "#crop"},
				"east": {"uv": [16, 0, 0, 16], "texture": "#crop"},
				"south": {"uv": [0, 0, 0, 0], "texture": "#crop"},
				"west": {"uv": [0, 0, 16, 16], "texture": "#crop"},
				"up": {"uv": [0, 0, 0, 0], "texture": "#crop"},
				"down": {"uv": [0, 0, 0, 0], "texture": "#crop"}
			}
		},
		{
			"from": [0, 0, 4],
			"to": [16, 16, 4],
			"shade": false,
			"faces": {
				"north": {"uv": [0, 0, 16, 16], "texture": "#2"},
				"east": {"uv": [0, 0, 0, 0], "texture": "#crop"},
				"south": {"uv": [16, 0, 0, 16], "texture": "#2"},
				"west": {"uv": [0, 0, 0, 0], "texture": "#crop"},
				"up": {"uv": [0, 0, 0, 0], "texture": "#crop"},
				"down": {"uv": [0, 0, 0, 0], "texture": "#crop"}
			}
		},
		{
			"from": [0, 0, 8],
			"to": [16, 16, 8],
			"shade": false,
			"faces": {
				"north": {"uv": [0, 0, 16, 16], "texture": "#2"},
				"east": {"uv": [0, 0, 0, 0], "texture": "#crop"},
				"south": {"uv": [16, 0, 0, 16], "texture": "#2"},
				"west": {"uv": [0, 0, 0, 0], "texture": "#crop"},
				"up": {"uv": [0, 0, 0, 0], "texture": "#crop"},
				"down": {"uv": [0, 0, 0, 0], "texture": "#crop"}
			}
		},
		{
			"from": [12, 0, 0],
			"to": [12, 16, 16],
			"shade": false,
			"faces": {
				"north": {"uv": [0, 0, 0, 0], "texture": "#crop"},
				"east": {"uv": [0, 0, 16, 16], "texture": "#crop"},
				"south": {"uv": [0, 0, 0, 0], "texture": "#crop"},
				"west": {"uv": [16, 0, 0, 16], "texture": "#crop"},
				"up": {"uv": [0, 0, 0, 0], "texture": "#crop"},
				"down": {"uv": [0, 0, 0, 0], "texture": "#crop"}
			}
		}
	]
}