{
	"parent": "minecraft:block/crop",
	"textures": {
		"2": "block/carrots_stage03",
		"3": "block/plants",
		"crop": "minecraft:block/carrots_stage3"
	},
	"elements": [
		{
			"from": [0, -1, 12],
			"to": [16, 15, 12],
			"shade": false,
			"faces": {
				"north": {"uv": [16, 0, 0, 16], "texture": "#2"},
				"east": {"uv": [0, 0, 0, 0], "texture": "#crop"},
				"south": {"uv": [0, 0, 16, 16], "texture": "#2"},
				"west": {"uv": [0, 0, 0, 0], "texture": "#crop"},
				"up": {"uv": [0, 0, 0, 0], "texture": "#crop"},
				"down": {"uv": [0, 0, 0, 0], "texture": "#crop"}
			}
		},
		{
			"from": [0, -1, 8],
			"to": [16, 15, 8],
			"shade": false,
			"faces": {
				"north": {"uv": [16, 0, 0, 16], "texture": "#2"},
				"east": {"uv": [0, 0, 0, 0], "texture": "#crop"},
				"south": {"uv": [0, 0, 16, 16], "texture": "#2"},
				"west": {"uv": [0, 0, 0, 0], "texture": "#crop"},
				"up": {"uv": [0, 0, 0, 0], "texture": "#crop"},
				"down": {"uv": [0, 0, 0, 0], "texture": "#crop"}
			}
		},
		{
			"from": [4, -1, 0],
			"to": [4, 15, 16],
			"shade": false,
			"faces": {
				"north": {"uv": [0, 0, 0, 0], "texture": "#crop"},
				"east": {"uv": [16, 0, 0, 16], "texture": "#crop"},
				"south": {"uv": [0, 0, 0, 0], "texture": "#crop"},
				"west": {"uv": [0, 0, 16, 16], "texture": "#crop"},
				"up": {"uv": [0, 0, 0, 0], "texture": "#crop"},
				"down": {"uv": [0, 0, 0, 0], "texture": "#crop"}
			}
		},
		{
			"from": [0, -1, 4],
			"to": [16, 15, 4],
			"shade": false,
			"faces": {
				"north": {"uv": [0, 0, 16, 16], "texture": "#2"},
				"east": {"uv": [0, 0, 0, 0], "texture": "#crop"},
				"south": {"uv": [16, 0, 0, 16], "texture": "#2"},
				"west": {"uv": [0, 0, 0, 0], "texture": "#crop"},
				"up": {"uv": [0, 0, 0, 0], "texture": "#crop"},
				"down": {"uv": [0, 0, 0, 0], "texture": "#crop"}
			}
		},
		{
			"from": [12, -1, 0],
			"to": [12, 15, 16],
			"shade": false,
			"faces": {
				"north": {"uv": [0, 0, 0, 0], "texture": "#crop"},
				"east": {"uv": [0, 0, 16, 16], "texture": "#crop"},
				"south": {"uv": [0, 0, 0, 0], "texture": "#crop"},
				"west": {"uv": [16, 0, 0, 16], "texture": "#crop"},
				"up": {"uv": [0, 0, 0, 0], "texture": "#crop"},
				"down": {"uv": [0, 0, 0, 0], "texture": "#crop"}
			}
		},
		{
			"from": [2.5, -1, 2.5],
			"to": [5.5, 1, 5.5],
			"faces": {
				"north": {"uv": [4, 14, 7, 16], "texture": "#3"},
				"east": {"uv": [4, 14, 7, 16], "texture": "#3"},
				"south": {"uv": [4, 14, 7, 16], "texture": "#3"},
				"west": {"uv": [4, 14, 7, 16], "texture": "#3"},
				"up": {"uv": [4, 11, 7, 14], "texture": "#3"},
				"down": {"uv": [4, 11, 7, 14], "texture": "#3"}
			}
		},
		{
			"from": [2.5, -1, 6.5],
			"to": [5.5, 1, 9.5],
			"faces": {
				"north": {"uv": [4, 14, 7, 16], "texture": "#3"},
				"east": {"uv": [4, 14, 7, 16], "texture": "#3"},
				"south": {"uv": [4, 14, 7, 16], "texture": "#3"},
				"west": {"uv": [4, 14, 7, 16], "texture": "#3"},
				"up": {"uv": [4, 11, 7, 14], "texture": "#3"},
				"down": {"uv": [4, 11, 7, 14], "texture": "#3"}
			}
		},
		{
			"from": [2.5, -1, 10.5],
			"to": [5.5, 1, 13.5],
			"faces": {
				"north": {"uv": [4, 14, 7, 16], "texture": "#3"},
				"east": {"uv": [4, 14, 7, 16], "texture": "#3"},
				"south": {"uv": [4, 14, 7, 16], "texture": "#3"},
				"west": {"uv": [4, 14, 7, 16], "texture": "#3"},
				"up": {"uv": [4, 11, 7, 14], "texture": "#3"},
				"down": {"uv": [4, 11, 7, 14], "texture": "#3"}
			}
		},
		{
			"from": [10.5, -1, 10.5],
			"to": [13.5, 1, 13.5],
			"faces": {
				"north": {"uv": [4, 14, 7, 16], "texture": "#3"},
				"east": {"uv": [4, 14, 7, 16], "texture": "#3"},
				"south": {"uv": [4, 14, 7, 16], "texture": "#3"},
				"west": {"uv": [4, 14, 7, 16], "texture": "#3"},
				"up": {"uv": [4, 11, 7, 14], "texture": "#3"},
				"down": {"uv": [4, 11, 7, 14], "texture": "#3"}
			}
		},
		{
			"from": [10.5, -1, 6.5],
			"to": [13.5, 1, 9.5],
			"faces": {
				"north": {"uv": [4, 14, 7, 16], "texture": "#3"},
				"east": {"uv": [4, 14, 7, 16], "texture": "#3"},
				"south": {"uv": [4, 14, 7, 16], "texture": "#3"},
				"west": {"uv": [4, 14, 7, 16], "texture": "#3"},
				"up": {"uv": [4, 11, 7, 14], "texture": "#3"},
				"down": {"uv": [4, 11, 7, 14], "texture": "#3"}
			}
		},
		{
			"from": [10.5, -1, 2.5],
			"to": [13.5, 1, 5.5],
			"faces": {
				"north": {"uv": [4, 14, 7, 16], "texture": "#3"},
				"east": {"uv": [4, 14, 7, 16], "texture": "#3"},
				"south": {"uv": [4, 14, 7, 16], "texture": "#3"},
				"west": {"uv": [4, 14, 7, 16], "texture": "#3"},
				"up": {"uv": [4, 11, 7, 14], "texture": "#3"},
				"down": {"uv": [4, 11, 7, 14], "texture": "#3"}
			}
		}
	]
}