{
	"parent": "block/block",
	"textures": {
		"1": "block/plants",
		"cross": "minecraft:block/cave_vines_plant_lit",
		"particle": "block/plants"
	},
	"elements": [
		{
			"from": [8, 0, 0],
			"to": [8, 16, 16],
			"shade": false,
			"rotation": {"angle": 45, "axis": "y", "origin": [8, 8, 8]},
			"faces": {
				"north": {"uv": [0, 0, 0, 0], "texture": "#cross"},
				"east": {"uv": [0, 0, 16, 16], "texture": "#cross"},
				"south": {"uv": [0, 0, 0, 0], "texture": "#cross"},
				"west": {"uv": [0, 0, 16, 16], "texture": "#cross"},
				"up": {"uv": [0, 0, 0, 0], "rotation": 270, "texture": "#cross"},
				"down": {"uv": [0, 0, 0, 0], "rotation": 90, "texture": "#cross"}
			}
		},
		{
			"from": [0, 0, 8],
			"to": [16, 16, 8],
			"shade": false,
			"rotation": {"angle": 45, "axis": "y", "origin": [8, 8, 8]},
			"faces": {
				"north": {"uv": [0, 0, 16, 16], "texture": "#cross"},
				"east": {"uv": [0, 0, 0, 0], "texture": "#cross"},
				"south": {"uv": [0, 0, 16, 16], "texture": "#cross"},
				"west": {"uv": [0, 0, 0, 0], "texture": "#cross"},
				"up": {"uv": [0, 0, 0, 0], "texture": "#cross"},
				"down": {"uv": [0, 0, 0, 0], "texture": "#cross"}
			}
		},
		{
			"from": [6, 5, 0],
			"to": [10, 9, 4],
			"rotation": {"angle": -45, "axis": "y", "origin": [8, 8, 8]},
			"faces": {
				"north": {"uv": [0, 0, 4, 4], "texture": "#1"},
				"east": {"uv": [0, 0, 4, 4], "texture": "#1"},
				"south": {"uv": [0, 0, 4, 4], "texture": "#1"},
				"west": {"uv": [0, 0, 4, 4], "texture": "#1"},
				"up": {"uv": [0, 0, 4, 4], "rotation": 180, "texture": "#1"},
				"down": {"uv": [0, 0, 4, 4], "rotation": 180, "texture": "#1"}
			}
		},
		{
			"from": [2, 5, 2],
			"to": [6, 9, 6],
			"rotation": {"angle": 0, "axis": "y", "origin": [8, 8, 8]},
			"faces": {
				"north": {"uv": [0, 0, 4, 4], "texture": "#1"},
				"east": {"uv": [0, 0, 4, 4], "texture": "#1"},
				"south": {"uv": [0, 0, 4, 4], "texture": "#1"},
				"west": {"uv": [0, 0, 4, 4], "texture": "#1"},
				"up": {"uv": [0, 0, 4, 4], "rotation": 270, "texture": "#1"},
				"down": {"uv": [0, 0, 4, 4], "rotation": 90, "texture": "#1"}
			}
		},
		{
			"from": [4, 9, 8],
			"to": [8, 13, 12],
			"rotation": {"angle": 0, "axis": "y", "origin": [8, 8, 8]},
			"faces": {
				"north": {"uv": [0, 0, 4, 4], "texture": "#1"},
				"east": {"uv": [0, 0, 4, 4], "texture": "#1"},
				"south": {"uv": [0, 0, 4, 4], "texture": "#1"},
				"west": {"uv": [0, 0, 4, 4], "texture": "#1"},
				"up": {"uv": [0, 0, 4, 4], "rotation": 270, "texture": "#1"},
				"down": {"uv": [0, 0, 4, 4], "rotation": 90, "texture": "#1"}
			}
		},
		{
			"from": [10, 0, 10],
			"to": [14, 4, 14],
			"rotation": {"angle": 0, "axis": "y", "origin": [8, 8, 8]},
			"faces": {
				"north": {"uv": [0, 0, 4, 4], "texture": "#1"},
				"east": {"uv": [0, 0, 4, 4], "texture": "#1"},
				"south": {"uv": [0, 0, 4, 4], "texture": "#1"},
				"west": {"uv": [0, 0, 4, 4], "texture": "#1"},
				"up": {"uv": [0, 0, 4, 4], "rotation": 270, "texture": "#1"},
				"down": {"uv": [0, 0, 4, 4], "rotation": 90, "texture": "#1"}
			}
		}
	]
}