{
	"textures": {
		"particle": "block/composter_compost",
		"inside": "block/composter_compost"
	},
	"elements": [
		{
			"from": [2, 2, 2],
			"to": [14, 14, 14],
			"faces": {
				"north": {"uv": [2, 2, 14, 14], "texture": "#inside"},
				"east": {"uv": [2, 2, 14, 14], "texture": "#inside"},
				"south": {"uv": [2, 2, 14, 14], "texture": "#inside"},
				"west": {"uv": [2, 2, 14, 14], "texture": "#inside"},
				"up": {"uv": [2, 2, 14, 14], "texture": "#inside"},
				"down": {"uv": [2, 2, 14, 14], "texture": "#inside"}
			}
		}
	]
}