{
	"parent": "block/block",
	"textures": {
		"top": "block/composter_top",
		"particle": "block/composter_side",
		"side": "block/composter_side",
		"inside": "block/composter_bottom"
	},
	"elements": [
		{
			"from": [0, 0, 0],
			"to": [16, 2, 16],
			"faces": {
				"up": {"uv": [0, 0, 16, 16], "texture": "#inside"},
				"down": {"uv": [0, 0, 16, 16], "texture": "#inside", "cullface": "down"}
			}
		},
		{
			"from": [0, 0, 0],
			"to": [2, 16, 2],
			"faces": {
				"north": {"uv": [14, 0, 16, 16], "texture": "#side"},
				"east": {"uv": [14, 0, 16, 16], "texture": "#side"},
				"south": {"uv": [0, 0, 2, 16], "texture": "#side"},
				"west": {"uv": [0, 0, 2, 16], "texture": "#side"},
				"up": {"uv": [0, 0, 2, 2], "texture": "#top"},
				"down": {"uv": [0, 14, 2, 16], "texture": "#inside"}
			}
		},
		{
			"from": [0, 0, 14],
			"to": [2, 16, 16],
			"faces": {
				"north": {"uv": [14, 0, 16, 16], "texture": "#side"},
				"east": {"uv": [0, 0, 2, 16], "texture": "#side"},
				"south": {"uv": [0, 0, 2, 16], "texture": "#side"},
				"west": {"uv": [14, 0, 16, 16], "texture": "#side"},
				"up": {"uv": [0, 14, 2, 16], "texture": "#top"},
				"down": {"uv": [0, 0, 2, 2], "texture": "#inside"}
			}
		},
		{
			"from": [14, 0, 0],
			"to": [16, 16, 2],
			"faces": {
				"north": {"uv": [0, 0, 2, 16], "texture": "#side"},
				"east": {"uv": [14, 0, 16, 16], "texture": "#side"},
				"south": {"uv": [14, 0, 16, 16], "texture": "#side"},
				"west": {"uv": [0, 0, 2, 16], "texture": "#side"},
				"up": {"uv": [14, 0, 16, 2], "texture": "#top"},
				"down": {"uv": [14, 14, 16, 16], "texture": "#inside"}
			}
		},
		{
			"from": [14, 0, 14],
			"to": [16, 16, 16],
			"faces": {
				"north": {"uv": [0, 0, 2, 16], "texture": "#side"},
				"east": {"uv": [0, 0, 2, 16], "texture": "#side"},
				"south": {"uv": [14, 0, 16, 16], "texture": "#side"},
				"west": {"uv": [14, 0, 16, 16], "texture": "#side"},
				"up": {"uv": [14, 14, 16, 16], "texture": "#top"},
				"down": {"uv": [14, 0, 16, 2], "texture": "#inside"}
			}
		},
		{
			"from": [0, 0, 0],
			"to": [2, 3, 16],
			"faces": {
				"north": {"uv": [14, 13, 16, 16], "texture": "#side"},
				"east": {"uv": [0, 13, 16, 16], "texture": "#side"},
				"south": {"uv": [0, 13, 2, 16], "texture": "#side"},
				"west": {"uv": [0, 13, 16, 16], "texture": "#side"},
				"up": {"uv": [0, 0, 2, 16], "texture": "#top"},
				"down": {"uv": [0, 0, 2, 16], "texture": "#inside"}
			}
		},
		{
			"from": [14, 0, 0],
			"to": [16, 3, 16],
			"faces": {
				"north": {"uv": [0, 13, 2, 16], "texture": "#side"},
				"east": {"uv": [0, 13, 16, 16], "texture": "#side"},
				"south": {"uv": [14, 13, 16, 16], "texture": "#side"},
				"west": {"uv": [0, 13, 16, 16], "texture": "#side"},
				"up": {"uv": [14, 0, 16, 16], "texture": "#top"},
				"down": {"uv": [14, 0, 16, 16], "texture": "#inside"}
			}
		},
		{
			"from": [0, 0, 0],
			"to": [16, 3, 2],
			"faces": {
				"north": {"uv": [0, 13, 16, 16], "texture": "#side"},
				"east": {"uv": [14, 13, 16, 16], "texture": "#side"},
				"south": {"uv": [0, 13, 16, 16], "texture": "#side"},
				"west": {"uv": [0, 13, 2, 16], "texture": "#side"},
				"up": {"uv": [0, 0, 16, 2], "texture": "#top"},
				"down": {"uv": [0, 14, 16, 16], "texture": "#inside"}
			}
		},
		{
			"from": [0, 0, 14],
			"to": [16, 3, 16],
			"faces": {
				"north": {"uv": [0, 13, 16, 16], "texture": "#side"},
				"east": {"uv": [0, 13, 2, 16], "texture": "#side"},
				"south": {"uv": [0, 13, 16, 16], "texture": "#side"},
				"west": {"uv": [14, 13, 16, 16], "texture": "#side"},
				"up": {"uv": [0, 14, 16, 16], "texture": "#top"},
				"down": {"uv": [0, 0, 16, 2], "texture": "#inside"}
			}
		},
		{
			"from": [0, 4, 14],
			"to": [16, 7, 16],
			"faces": {
				"north": {"uv": [0, 9, 16, 12], "texture": "#side"},
				"east": {"uv": [0, 9, 2, 12], "texture": "#side"},
				"south": {"uv": [0, 9, 16, 12], "texture": "#side"},
				"west": {"uv": [14, 9, 16, 12], "texture": "#side"},
				"up": {"uv": [0, 14, 16, 16], "texture": "#top"},
				"down": {"uv": [0, 0, 16, 2], "texture": "#inside"}
			}
		},
		{
			"from": [14, 4, 0],
			"to": [16, 7, 16],
			"faces": {
				"north": {"uv": [0, 9, 2, 12], "texture": "#side"},
				"east": {"uv": [0, 9, 16, 12], "texture": "#side"},
				"south": {"uv": [14, 9, 16, 12], "texture": "#side"},
				"west": {"uv": [0, 9, 16, 12], "texture": "#side"},
				"up": {"uv": [14, 0, 16, 16], "texture": "#top"},
				"down": {"uv": [14, 0, 16, 16], "texture": "#inside"}
			}
		},
		{
			"from": [0, 4, 0],
			"to": [16, 7, 2],
			"faces": {
				"north": {"uv": [0, 9, 16, 12], "texture": "#side"},
				"east": {"uv": [14, 9, 16, 12], "texture": "#side"},
				"south": {"uv": [0, 9, 16, 12], "texture": "#side"},
				"west": {"uv": [0, 9, 2, 12], "texture": "#side"},
				"up": {"uv": [0, 0, 16, 2], "texture": "#top"},
				"down": {"uv": [0, 14, 16, 16], "texture": "#inside"}
			}
		},
		{
			"from": [0, 4, 0],
			"to": [2, 7, 16],
			"faces": {
				"north": {"uv": [14, 9, 16, 12], "texture": "#side"},
				"east": {"uv": [0, 9, 16, 12], "texture": "#side"},
				"south": {"uv": [0, 9, 2, 12], "texture": "#side"},
				"west": {"uv": [0, 9, 16, 12], "texture": "#side"},
				"up": {"uv": [0, 0, 2, 16], "texture": "#top"},
				"down": {"uv": [0, 0, 2, 16], "texture": "#inside"}
			}
		},
		{
			"from": [14, 8, 0],
			"to": [16, 11, 16],
			"faces": {
				"north": {"uv": [0, 5, 2, 8], "texture": "#side"},
				"east": {"uv": [0, 5, 16, 8], "texture": "#side"},
				"south": {"uv": [14, 5, 16, 8], "texture": "#side"},
				"west": {"uv": [0, 5, 16, 8], "texture": "#side"},
				"up": {"uv": [14, 0, 16, 16], "texture": "#top"},
				"down": {"uv": [14, 0, 16, 16], "texture": "#inside"}
			}
		},
		{
			"from": [0, 8, 0],
			"to": [16, 11, 2],
			"faces": {
				"north": {"uv": [0, 5, 16, 8], "texture": "#side"},
				"east": {"uv": [14, 5, 16, 8], "texture": "#side"},
				"south": {"uv": [0, 5, 16, 8], "texture": "#side"},
				"west": {"uv": [0, 5, 2, 8], "texture": "#side"},
				"up": {"uv": [0, 0, 16, 2], "texture": "#top"},
				"down": {"uv": [0, 14, 16, 16], "texture": "#inside"}
			}
		},
		{
			"from": [0, 8, 0],
			"to": [2, 11, 16],
			"faces": {
				"north": {"uv": [14, 5, 16, 8], "texture": "#side"},
				"east": {"uv": [0, 5, 16, 8], "texture": "#side"},
				"south": {"uv": [0, 5, 2, 8], "texture": "#side"},
				"west": {"uv": [0, 5, 16, 8], "texture": "#side"},
				"up": {"uv": [0, 0, 2, 16], "texture": "#top"},
				"down": {"uv": [0, 0, 2, 16], "texture": "#inside"}
			}
		},
		{
			"from": [0, 8, 14],
			"to": [16, 11, 16],
			"faces": {
				"north": {"uv": [0, 5, 16, 8], "texture": "#side"},
				"east": {"uv": [0, 5, 2, 8], "texture": "#side"},
				"south": {"uv": [0, 5, 16, 8], "texture": "#side"},
				"west": {"uv": [14, 5, 16, 8], "texture": "#side"},
				"up": {"uv": [0, 14, 16, 16], "texture": "#top"},
				"down": {"uv": [0, 0, 16, 2], "texture": "#inside"}
			}
		},
		{
			"from": [14, 12, 0],
			"to": [16, 16, 16],
			"faces": {
				"north": {"uv": [0, 0, 2, 4], "texture": "#side"},
				"east": {"uv": [0, 0, 16, 4], "texture": "#side"},
				"south": {"uv": [14, 0, 16, 4], "texture": "#side"},
				"west": {"uv": [0, 0, 16, 4], "texture": "#side"},
				"up": {"uv": [14, 0, 16, 16], "texture": "#top"},
				"down": {"uv": [14, 0, 16, 16], "texture": "#inside"}
			}
		},
		{
			"from": [0, 12, 0],
			"to": [16, 16, 2],
			"faces": {
				"north": {"uv": [0, 0, 16, 4], "texture": "#side"},
				"east": {"uv": [14, 0, 16, 4], "texture": "#side"},
				"south": {"uv": [0, 0, 16, 4], "texture": "#side"},
				"west": {"uv": [0, 0, 2, 4], "texture": "#side"},
				"up": {"uv": [0, 0, 16, 2], "texture": "#top"},
				"down": {"uv": [0, 14, 16, 16], "texture": "#inside"}
			}
		},
		{
			"from": [0, 12, 0],
			"to": [2, 16, 16],
			"faces": {
				"north": {"uv": [14, 0, 16, 4], "texture": "#side"},
				"east": {"uv": [0, 0, 16, 4], "texture": "#side"},
				"south": {"uv": [0, 0, 2, 4], "texture": "#side"},
				"west": {"uv": [0, 0, 16, 4], "texture": "#side"},
				"up": {"uv": [0, 0, 2, 16], "texture": "#top"},
				"down": {"uv": [0, 0, 2, 16], "texture": "#inside"}
			}
		},
		{
			"from": [0, 12, 14],
			"to": [16, 16, 16],
			"faces": {
				"north": {"uv": [0, 0, 16, 4], "texture": "#side"},
				"east": {"uv": [0, 0, 2, 4], "texture": "#side"},
				"south": {"uv": [0, 0, 16, 4], "texture": "#side"},
				"west": {"uv": [14, 0, 16, 4], "texture": "#side"},
				"up": {"uv": [0, 14, 16, 16], "texture": "#top"},
				"down": {"uv": [0, 0, 16, 2], "texture": "#inside"}
			}
		}
	]
}