{
	"parent": "block/block",
	"textures": {
		"1": "block/crimson_fungus_bottom",
		"2": "block/crimson_fungus_top",
		"3": "block/plants",
		"cross": "minecraft:block/crimson_fungus",
		"particle": "block/crimson_fungus_bottom"
	},
	"elements": [
		{
			"from": [7, 0, 7],
			"to": [9, 5, 9],
			"faces": {
				"north": {"uv": [7, 11, 9, 16], "texture": "#cross"},
				"east": {"uv": [7, 11, 9, 16], "texture": "#cross"},
				"south": {"uv": [7, 11, 9, 16], "texture": "#cross"},
				"west": {"uv": [7, 11, 9, 16], "texture": "#cross"},
				"up": {"uv": [7, 7, 9, 9], "texture": "#1"},
				"down": {"uv": [7, 7, 9, 9], "texture": "#1"}
			}
		},
		{
			"from": [3, 5, 3],
			"to": [13, 8, 13],
			"faces": {
				"north": {"uv": [3, 8, 13, 11], "texture": "#cross"},
				"east": {"uv": [3, 8, 13, 11], "texture": "#cross"},
				"south": {"uv": [3, 8, 13, 11], "texture": "#cross"},
				"west": {"uv": [3, 8, 13, 11], "texture": "#cross"},
				"up": {"uv": [3, 3, 13, 13], "texture": "#2"},
				"down": {"uv": [3, 3, 13, 13], "texture": "#1"}
			}
		},
		{
			"from": [4, 8, 4],
			"to": [12, 9, 12],
			"faces": {
				"north": {"uv": [4, 7, 12, 8], "texture": "#cross"},
				"east": {"uv": [4, 7, 12, 8], "texture": "#cross"},
				"south": {"uv": [4, 7, 12, 8], "texture": "#cross"},
				"west": {"uv": [4, 7, 12, 8], "texture": "#cross"},
				"up": {"uv": [4, 4, 12, 12], "texture": "#2"},
				"down": {"uv": [4, 4, 12, 12], "texture": "#1"}
			}
		},
		{
			"from": [5, 9, 5],
			"to": [11, 11, 11],
			"faces": {
				"north": {"uv": [5, 5, 11, 7], "texture": "#cross"},
				"east": {"uv": [5, 5, 11, 7], "texture": "#cross"},
				"south": {"uv": [5, 5, 11, 7], "texture": "#cross"},
				"west": {"uv": [5, 5, 11, 7], "texture": "#cross"},
				"up": {"uv": [5, 5, 11, 11], "texture": "#2"},
				"down": {"uv": [5, 5, 11, 11], "texture": "#1"}
			}
		},
		{
			"from": [6, 11, 6],
			"to": [10, 12, 10],
			"faces": {
				"north": {"uv": [6, 4, 10, 5], "texture": "#cross"},
				"east": {"uv": [6, 4, 10, 5], "texture": "#cross"},
				"south": {"uv": [6, 4, 10, 5], "texture": "#cross"},
				"west": {"uv": [6, 4, 10, 5], "texture": "#cross"},
				"up": {"uv": [6, 6, 10, 10], "texture": "#2"},
				"down": {"uv": [6, 6, 10, 10], "texture": "#1"}
			}
		},
		{
			"from": [4, 4, 7],
			"to": [6, 6, 9],
			"faces": {
				"north": {"uv": [0, 4, 2, 6], "texture": "#3"},
				"east": {"uv": [0, 4, 2, 6], "texture": "#3"},
				"south": {"uv": [0, 4, 2, 6], "texture": "#3"},
				"west": {"uv": [0, 4, 2, 6], "texture": "#3"},
				"up": {"uv": [0, 4, 2, 6], "texture": "#3"},
				"down": {"uv": [0, 4, 2, 6], "texture": "#3"}
			}
		},
		{
			"from": [3, 0, 0],
			"to": [19, 5, 0],
			"rotation": {"angle": -45, "axis": "y", "origin": [0, 0, 0]},
			"faces": {
				"north": {"uv": [0, 11, 16, 16], "texture": "#cross"},
				"east": {"uv": [0, 0, 0, 5], "texture": "#missing"},
				"south": {"uv": [0, 11, 16, 16], "texture": "#cross"},
				"west": {"uv": [0, 0, 0, 5], "texture": "#missing"},
				"up": {"uv": [0, 0, 16, 0], "texture": "#missing"},
				"down": {"uv": [0, 0, 16, 0], "texture": "#missing"}
			}
		},
		{
			"from": [11.5, 0, -8],
			"to": [11.5, 5, 8],
			"rotation": {"angle": -45, "axis": "y", "origin": [0, 0, 0]},
			"faces": {
				"north": {"uv": [0, 0, 0, 16], "texture": "#missing"},
				"east": {"uv": [0, 11, 16, 16], "texture": "#cross"},
				"south": {"uv": [0, 0, 0, 16], "texture": "#missing"},
				"west": {"uv": [0, 11, 16, 16], "texture": "#cross"},
				"up": {"uv": [0, 0, 0, 16], "texture": "#missing"},
				"down": {"uv": [0, 0, 0, 16], "texture": "#missing"}
			}
		}
	]
}