{
	"parent": "minecraft:block/template_orientable_trapdoor_open",
	"textures": {
		"1": "block/crimson_trapdoor_side",
		"particle": "block/crimson_trapdoor_side",
		"texture": "minecraft:block/crimson_trapdoor"
	},
	"elements": [
		{
			"from": [13, 0, 13],
			"to": [16, 16, 16],
			"faces": {
				"north": {"uv": [16, 16, 13, 0], "texture": "#texture"},
				"east": {"uv": [0, 13, 16, 16], "rotation": 270, "texture": "#1"},
				"south": {"uv": [0, 0, 3, 16], "rotation": 180, "texture": "#texture"},
				"west": {"uv": [0, 13, 16, 16], "rotation": 90, "texture": "#1"},
				"up": {"uv": [0, 13, 3, 16], "rotation": 180, "texture": "#1"},
				"down": {"uv": [13, 13, 16, 16], "texture": "#1"}
			}
		},
		{
			"from": [0, 0, 13],
			"to": [3, 16, 16],
			"faces": {
				"north": {"uv": [3, 16, 0, 0], "texture": "#texture"},
				"east": {"uv": [0, 13, 16, 16], "rotation": 270, "texture": "#1"},
				"south": {"uv": [13, 0, 16, 16], "rotation": 180, "texture": "#texture"},
				"west": {"uv": [0, 13, 16, 16], "rotation": 90, "texture": "#1"},
				"up": {"uv": [13, 13, 16, 16], "rotation": 180, "texture": "#1"},
				"down": {"uv": [0, 13, 3, 16], "texture": "#1"}
			}
		},
		{
			"from": [0, 13, 13],
			"to": [16, 16, 16],
			"faces": {
				"north": {"uv": [16, 16, 0, 13], "texture": "#texture"},
				"east": {"uv": [13, 13, 16, 16], "rotation": 270, "texture": "#1"},
				"south": {"uv": [0, 13, 16, 16], "rotation": 180, "texture": "#texture"},
				"west": {"uv": [0, 13, 3, 16], "rotation": 90, "texture": "#1"},
				"up": {"uv": [0, 13, 16, 16], "rotation": 180, "texture": "#1"},
				"down": {"uv": [0, 13, 16, 16], "texture": "#1"}
			}
		},
		{
			"from": [0, 0, 13],
			"to": [16, 3, 16],
			"faces": {
				"north": {"uv": [16, 3, 0, 0], "texture": "#texture"},
				"east": {"uv": [0, 13, 3, 16], "rotation": 270, "texture": "#1"},
				"south": {"uv": [0, 0, 16, 3], "rotation": 180, "texture": "#texture"},
				"west": {"uv": [13, 13, 16, 16], "rotation": 90, "texture": "#1"},
				"up": {"uv": [0, 13, 16, 16], "rotation": 180, "texture": "#1"},
				"down": {"uv": [0, 13, 16, 16], "texture": "#1"}
			}
		},
		{
			"from": [0, 4, 13],
			"to": [16, 7, 16],
			"faces": {
				"north": {"uv": [16, 7, 0, 4], "texture": "#texture"},
				"east": {"uv": [4, 13, 7, 16], "rotation": 270, "texture": "#1"},
				"south": {"uv": [0, 4, 16, 7], "rotation": 180, "texture": "#texture"},
				"west": {"uv": [9, 13, 12, 16], "rotation": 90, "texture": "#1"},
				"up": {"uv": [0, 13, 16, 16], "rotation": 180, "texture": "#1"},
				"down": {"uv": [0, 13, 16, 16], "texture": "#1"}
			}
		},
		{
			"from": [0, 9, 13],
			"to": [16, 12, 16],
			"faces": {
				"north": {"uv": [16, 12, 0, 9], "texture": "#texture"},
				"east": {"uv": [9, 13, 12, 16], "rotation": 270, "texture": "#1"},
				"south": {"uv": [0, 9, 16, 12], "rotation": 180, "texture": "#texture"},
				"west": {"uv": [4, 13, 7, 16], "rotation": 90, "texture": "#1"},
				"up": {"uv": [0, 13, 16, 16], "rotation": 180, "texture": "#1"},
				"down": {"uv": [0, 13, 16, 16], "texture": "#1"}
			}
		}
	]
}