{
	"parent": "minecraft:block/fence_side",
	"textures": {
		"1": "minecraft:block/crimson_planks",
		"2": "minecraft:block/crimson_fence_top",
		"particle": "minecraft:block/crimson_planks",
		"texture": "minecraft:block/crimson_planks_double_slab_side"
	},
	"elements": [
		{
			"from": [7, 2, 0],
			"to": [9, 4, 6],
			"faces": {
				"north": {"uv": [7, 12, 9, 14], "texture": "#1"},
				"east": {"uv": [2, 12, 8, 14], "texture": "#1"},
				"south": {"uv": [7, 12, 9, 14], "texture": "#1"},
				"west": {"uv": [8, 12, 14, 14], "texture": "#1"},
				"up": {"uv": [7, 0, 9, 6], "texture": "#2"},
				"down": {"uv": [7, 10, 9, 16], "texture": "#2"}
			}
		},
		{
			"from": [7, 12, 0],
			"to": [9, 14, 6],
			"faces": {
				"north": {"uv": [7, 2, 9, 4], "texture": "#1"},
				"east": {"uv": [2, 2, 8, 4], "texture": "#1"},
				"south": {"uv": [7, 2, 9, 4], "texture": "#1"},
				"west": {"uv": [8, 2, 14, 4], "texture": "#1"},
				"up": {"uv": [7, 0, 9, 6], "texture": "#2"},
				"down": {"uv": [7, 10, 9, 16], "texture": "#2"}
			}
		},
		{
			"from": [7.5, 2, 2],
			"to": [8.5, 3, 12],
			"rotation": {"angle": -45, "axis": "x", "origin": [0, 0, 0]},
			"faces": {
				"north": {"uv": [7, 9, 8, 10], "texture": "#texture"},
				"east": {"uv": [4, 9, 14, 10], "texture": "#texture"},
				"south": {"uv": [8, 9, 9, 10], "texture": "#texture"},
				"west": {"uv": [2, 9, 12, 10], "texture": "#texture"},
				"up": {"uv": [7, 2, 8, 12], "texture": "#texture"},
				"down": {"uv": [8, 4, 9, 14], "texture": "#texture"}
			}
		},
		{
			"from": [7.5, 4, 4],
			"to": [8.5, 5, 13],
			"rotation": {"angle": -45, "axis": "x", "origin": [0, 0, 0]},
			"faces": {
				"north": {"uv": [7, 7, 8, 8], "texture": "#texture"},
				"east": {"uv": [5, 7, 14, 8], "texture": "#texture"},
				"south": {"uv": [8, 7, 9, 8], "texture": "#texture"},
				"west": {"uv": [2, 7, 11, 8], "texture": "#texture"},
				"up": {"uv": [7, 2, 8, 11], "texture": "#texture"},
				"down": {"uv": [8, 5, 9, 14], "texture": "#texture"}
			}
		},
		{
			"from": [7.5, 6, 6],
			"to": [8.5, 7, 11],
			"rotation": {"angle": -45, "axis": "x", "origin": [0, 0, 0]},
			"faces": {
				"north": {"uv": [7, 5, 8, 6], "texture": "#texture"},
				"east": {"uv": [8, 5, 13, 6], "texture": "#texture"},
				"south": {"uv": [8, 5, 9, 6], "texture": "#texture"},
				"west": {"uv": [3, 5, 8, 6], "texture": "#texture"},
				"up": {"uv": [7, 3, 8, 8], "texture": "#texture"},
				"down": {"uv": [8, 8, 9, 13], "texture": "#texture"}
			}
		},
		{
			"from": [7.5, 0, 4],
			"to": [8.5, 1, 10],
			"rotation": {"angle": -45, "axis": "x", "origin": [0, 0, 0]},
			"faces": {
				"north": {"uv": [7, 11, 8, 12], "texture": "#texture"},
				"east": {"uv": [8, 11, 14, 12], "texture": "#texture"},
				"south": {"uv": [8, 11, 9, 12], "texture": "#texture"},
				"west": {"uv": [2, 11, 8, 12], "texture": "#texture"},
				"up": {"uv": [7, 2, 8, 8], "texture": "#texture"},
				"down": {"uv": [8, 8, 9, 14], "texture": "#texture"}
			}
		}
	]
}