{
	"parent": "minecraft:block/fence_side",
	"textures": {
		"1": "minecraft:block/dark_oak_fence_top",
		"particle": "minecraft:block/dark_oak_fence_top",
		"texture": "minecraft:block/dark_oak_planks"
	},
	"elements": [
		{
			"from": [7, 13, 0],
			"to": [9, 15, 6],
			"faces": {
				"north": {"uv": [7, 1, 9, 3], "texture": "#texture"},
				"east": {"uv": [2, 1, 8, 3], "texture": "#texture"},
				"south": {"uv": [7, 1, 9, 3], "texture": "#texture"},
				"west": {"uv": [8, 1, 14, 3], "texture": "#texture"},
				"up": {"uv": [7, 0, 9, 6], "texture": "#1"},
				"down": {"uv": [7, 10, 9, 16], "texture": "#1"}
			}
		},
		{
			"from": [7, 1, 0],
			"to": [9, 3, 6],
			"faces": {
				"north": {"uv": [7, 13, 9, 15], "texture": "#texture"},
				"east": {"uv": [2, 13, 8, 15], "texture": "#texture"},
				"south": {"uv": [7, 13, 9, 15], "texture": "#texture"},
				"west": {"uv": [8, 13, 14, 15], "texture": "#texture"},
				"up": {"uv": [7, 0, 9, 6], "texture": "#1"},
				"down": {"uv": [7, 10, 9, 16], "texture": "#1"}
			}
		},
		{
			"from": [7.5, 3.4, 0],
			"to": [8.5, 5.4, 6],
			"faces": {
				"north": {"uv": [7, 11, 8, 13], "texture": "#texture"},
				"east": {"uv": [2, 11, 8, 13], "texture": "#texture"},
				"south": {"uv": [8, 11, 9, 13], "texture": "#texture"},
				"west": {"uv": [8, 11, 14, 13], "texture": "#texture"},
				"up": {"uv": [7, 0, 8, 6], "texture": "#1"},
				"down": {"uv": [8, 10, 9, 16], "texture": "#1"}
			}
		},
		{
			"from": [7.5, 8.2, 0],
			"to": [8.5, 10.2, 6],
			"faces": {
				"north": {"uv": [7, 5, 8, 7], "texture": "#texture"},
				"east": {"uv": [2, 5, 8, 7], "texture": "#texture"},
				"south": {"uv": [8, 5, 9, 7], "texture": "#texture"},
				"west": {"uv": [8, 5, 14, 7], "texture": "#texture"},
				"up": {"uv": [7, 0, 8, 6], "texture": "#1"},
				"down": {"uv": [8, 10, 9, 16], "texture": "#1"}
			}
		},
		{
			"from": [7.5, 5.8, 0],
			"to": [8.5, 7.8, 6],
			"faces": {
				"north": {"uv": [7, 9, 8, 11], "texture": "#texture"},
				"east": {"uv": [2, 9, 8, 11], "texture": "#texture"},
				"south": {"uv": [8, 9, 9, 11], "texture": "#texture"},
				"west": {"uv": [8, 9, 14, 11], "texture": "#texture"},
				"up": {"uv": [7, 0, 8, 6], "texture": "#1"},
				"down": {"uv": [8, 10, 9, 16], "texture": "#1"}
			}
		},
		{
			"from": [7.5, 10.6, 0],
			"to": [8.5, 12.6, 6],
			"faces": {
				"north": {"uv": [7, 3, 8, 5], "texture": "#texture"},
				"east": {"uv": [2, 3, 8, 5], "texture": "#texture"},
				"south": {"uv": [8, 3, 9, 5], "texture": "#texture"},
				"west": {"uv": [8, 3, 14, 5], "texture": "#texture"},
				"up": {"uv": [7, 0, 8, 6], "texture": "#1"},
				"down": {"uv": [8, 10, 9, 16], "texture": "#1"}
			}
		}
	]
}