{
	"parent": "minecraft:block/template_orientable_trapdoor_bottom",
	"textures": {
		"1": "minecraft:block/dark_oak_trapdoor",
		"particle": "block/dark_oak_trapdoor_side",
		"texture": "block/dark_oak_trapdoor_side"
	},
	"elements": [
		{
			"from": [0, 0, 0],
			"to": [16, 3, 16],
			"faces": {
				"north": {"uv": [0, 16, 16, 13], "texture": "#texture", "cullface": "south"},
				"east": {"uv": [0, 16, 16, 13], "texture": "#texture", "cullface": "west"},
				"south": {"uv": [0, 16, 16, 13], "texture": "#texture", "cullface": "north"},
				"west": {"uv": [0, 16, 16, 13], "texture": "#texture", "cullface": "east"},
				"up": {"uv": [0, 0, 16, 16], "rotation": 180, "texture": "#1", "cullface": "up"},
				"down": {"uv": [16, 16, 0, 0], "rotation": 180, "texture": "#1"}
			}
		}
	]
}