{
	"parent": "minecraft:block/template_daylight_detector",
	"textures": {
		"2": "minecraft:block/daylight_detector_bottom",
		"side": "minecraft:block/daylight_detector_side",
		"top": "minecraft:block/daylight_detector_inverted_top",
		"particle": "minecraft:block/daylight_detector_bottom"
	},
	"elements": [
		{
			"from": [0, 0, 0],
			"to": [16, 6, 16],
			"faces": {
				"north": {"uv": [0, 10, 16, 16], "texture": "#side", "cullface": "north"},
				"east": {"uv": [0, 10, 16, 16], "texture": "#side", "cullface": "east"},
				"south": {"uv": [0, 10, 16, 16], "texture": "#side", "cullface": "south"},
				"west": {"uv": [0, 10, 16, 16], "texture": "#side", "cullface": "west"},
				"up": {"uv": [0, 0, 16, 16], "texture": "#top"},
				"down": {"uv": [0, 0, 16, 16], "texture": "#2", "cullface": "down"}
			}
		}
	]
}