{
	"parent": "block/rail_flat",
	"textures": {
		"1": "minecraft:block/rail_bars1",
		"particle": "minecraft:block/rail_bars1",
		"rail": "minecraft:block/detector_rail"
	},
	"elements": [
		{
			"from": [2, 8, 1],
			"to": [4, 9, 17],
			"rotation": {"angle": -45, "axis": "x", "origin": [8, 8, 8], "rescale": true},
			"faces": {
				"north": {"uv": [12, 14, 14, 15], "texture": "#1"},
				"east": {"uv": [0, 15, 16, 16], "texture": "#1"},
				"south": {"uv": [2, 14, 4, 15], "texture": "#1"},
				"west": {"uv": [0, 14, 16, 15], "texture": "#1"},
				"up": {"uv": [2, 0, 4, 16], "texture": "#rail"},
				"down": {"uv": [2, 0, 4, 16], "texture": "#rail"}
			}
		},
		{
			"from": [12, 8, 1],
			"to": [14, 9, 17],
			"rotation": {"angle": -45, "axis": "x", "origin": [8, 8, 8], "rescale": true},
			"faces": {
				"north": {"uv": [2, 14, 4, 15], "texture": "#1"},
				"east": {"uv": [0, 14, 16, 15], "texture": "#1"},
				"south": {"uv": [12, 14, 14, 15], "texture": "#1"},
				"west": {"uv": [0, 15, 16, 16], "texture": "#1"},
				"up": {"uv": [12, 0, 14, 16], "texture": "#rail"},
				"down": {"uv": [12, 0, 14, 16], "texture": "#rail"}
			}
		},
		{
			"from": [1, 7, 2],
			"to": [15, 8, 4],
			"rotation": {"angle": -45, "axis": "x", "origin": [8, 8, 8], "rescale": true},
			"faces": {
				"north": {"uv": [1, 10, 15, 11], "texture": "#1"},
				"east": {"uv": [13, 10, 15, 11], "texture": "#1"},
				"south": {"uv": [1, 11, 15, 12], "texture": "#1"},
				"west": {"uv": [1, 10, 3, 11], "texture": "#1"},
				"up": {"uv": [1, 1, 15, 3], "texture": "#rail"},
				"down": {"uv": [1, 12, 15, 10], "texture": "#1"}
			}
		},
		{
			"from": [1, 7, 6],
			"to": [15, 8, 8],
			"rotation": {"angle": -45, "axis": "x", "origin": [8, 8, 8], "rescale": true},
			"faces": {
				"north": {"uv": [1, 10, 15, 11], "texture": "#1"},
				"east": {"uv": [9, 10, 11, 11], "texture": "#1"},
				"south": {"uv": [1, 11, 15, 12], "texture": "#1"},
				"west": {"uv": [5, 10, 7, 11], "texture": "#1"},
				"up": {"uv": [1, 5, 15, 7], "texture": "#rail"},
				"down": {"uv": [1, 12, 15, 10], "texture": "#1"}
			}
		},
		{
			"from": [1, 7, 10],
			"to": [15, 8, 12],
			"rotation": {"angle": -45, "axis": "x", "origin": [8, 8, 8], "rescale": true},
			"faces": {
				"north": {"uv": [1, 10, 15, 11], "texture": "#1"},
				"east": {"uv": [5, 10, 7, 11], "texture": "#1"},
				"south": {"uv": [1, 11, 15, 12], "texture": "#1"},
				"west": {"uv": [9, 10, 11, 11], "texture": "#1"},
				"up": {"uv": [1, 9, 15, 11], "texture": "#rail"},
				"down": {"uv": [1, 12, 15, 10], "texture": "#1"}
			}
		},
		{
			"from": [1, 7, 14],
			"to": [15, 8, 16],
			"rotation": {"angle": -45, "axis": "x", "origin": [8, 8, 8], "rescale": true},
			"faces": {
				"north": {"uv": [1, 10, 15, 11], "texture": "#1"},
				"east": {"uv": [1, 10, 3, 11], "texture": "#1"},
				"south": {"uv": [1, 11, 15, 12], "texture": "#1"},
				"west": {"uv": [13, 10, 15, 11], "texture": "#1"},
				"up": {"uv": [1, 13, 15, 15], "texture": "#rail"},
				"down": {"uv": [1, 12, 15, 10], "texture": "#1"}
			}
		},
		{
			"from": [6, 8, 1],
			"to": [7, 9, 6],
			"rotation": {"angle": -45, "axis": "x", "origin": [8, 8, 8], "rescale": true},
			"faces": {
				"north": {"uv": [9, 9, 10, 10], "texture": "#1"},
				"east": {"uv": [11, 9, 16, 10], "texture": "#1"},
				"south": {"uv": [6, 9, 7, 10], "texture": "#1"},
				"west": {"uv": [11, 9, 16, 10], "texture": "#1"},
				"up": {"uv": [11, 9, 16, 10], "rotation": 270, "texture": "#1"},
				"down": {"uv": [11, 9, 16, 10], "rotation": 90, "texture": "#1"}
			}
		},
		{
			"from": [9, 8, 1],
			"to": [10, 9, 6],
			"rotation": {"angle": -45, "axis": "x", "origin": [8, 8, 8], "rescale": true},
			"faces": {
				"north": {"uv": [6, 9, 7, 10], "texture": "#1"},
				"east": {"uv": [11, 9, 16, 10], "texture": "#1"},
				"south": {"uv": [9, 9, 10, 10], "texture": "#1"},
				"west": {"uv": [11, 9, 16, 10], "texture": "#1"},
				"up": {"uv": [11, 9, 16, 10], "rotation": 270, "texture": "#1"},
				"down": {"uv": [11, 9, 16, 10], "rotation": 90, "texture": "#1"}
			}
		},
		{
			"from": [9, 8, 12],
			"to": [10, 9, 17],
			"rotation": {"angle": -45, "axis": "x", "origin": [8, 8, 8], "rescale": true},
			"faces": {
				"north": {"uv": [6, 9, 7, 10], "texture": "#1"},
				"east": {"uv": [0, 9, 5, 10], "texture": "#1"},
				"south": {"uv": [9, 9, 10, 10], "texture": "#1"},
				"west": {"uv": [0, 9, 5, 10], "texture": "#1"},
				"up": {"uv": [0, 9, 5, 10], "rotation": 270, "texture": "#1"},
				"down": {"uv": [0, 9, 5, 10], "rotation": 90, "texture": "#1"}
			}
		},
		{
			"from": [6, 8, 12],
			"to": [7, 9, 17],
			"rotation": {"angle": -45, "axis": "x", "origin": [8, 8, 8], "rescale": true},
			"faces": {
				"north": {"uv": [9, 9, 10, 10], "texture": "#1"},
				"east": {"uv": [0, 9, 5, 10], "texture": "#1"},
				"south": {"uv": [6, 9, 7, 10], "texture": "#1"},
				"west": {"uv": [0, 9, 5, 10], "texture": "#1"},
				"up": {"uv": [0, 9, 5, 10], "rotation": 270, "texture": "#1"},
				"down": {"uv": [0, 9, 5, 10], "rotation": 90, "texture": "#1"}
			}
		},
		{
			"from": [5, 8, 6],
			"to": [11, 9, 12],
			"rotation": {"angle": -45, "axis": "x", "origin": [8, 8, 8], "rescale": true},
			"faces": {
				"north": {"uv": [5, 8, 11, 9], "texture": "#1"},
				"east": {"uv": [5, 8, 11, 9], "texture": "#1"},
				"south": {"uv": [5, 8, 11, 9], "texture": "#1"},
				"west": {"uv": [5, 8, 11, 9], "texture": "#1"},
				"up": {"uv": [5, 5, 11, 11], "texture": "#rail"},
				"down": {"uv": [5, 5, 11, 11], "rotation": 180, "texture": "#rail"}
			}
		},
		{
			"from": [6, 9, 7],
			"to": [10, 10, 11],
			"rotation": {"angle": -45, "axis": "x", "origin": [8, 8, 8], "rescale": true},
			"faces": {
				"north": {"uv": [6, 9, 10, 10], "texture": "#1"},
				"east": {"uv": [6, 9, 10, 10], "texture": "#1"},
				"south": {"uv": [6, 9, 10, 10], "texture": "#1"},
				"west": {"uv": [6, 9, 10, 10], "texture": "#1"},
				"up": {"uv": [6, 6, 10, 10], "texture": "#rail"},
				"down": {"uv": [6, 6, 10, 10], "rotation": 180, "texture": "#rail"}
			}
		}
	]
}