{
	"parent": "block/rail_flat",
	"textures": {
		"1": "block/rail_bars1",
		"particle": "block/rail_bars1",
		"rail": "minecraft:block/detector_rail"
	},
	"elements": [
		{
			"from": [2, 1, 0],
			"to": [4, 2, 16],
			"rotation": {"angle": 0, "axis": "x", "origin": [8, 8, 8]},
			"faces": {
				"north": {"uv": [12, 14, 14, 15], "texture": "#1"},
				"east": {"uv": [0, 15, 16, 16], "texture": "#1"},
				"south": {"uv": [2, 14, 4, 15], "texture": "#1"},
				"west": {"uv": [0, 14, 16, 15], "texture": "#1"},
				"up": {"uv": [2, 0, 4, 16], "texture": "#rail"},
				"down": {"uv": [2, 0, 4, 16], "texture": "#rail"}
			}
		},
		{
			"from": [12, 1, 0],
			"to": [14, 2, 16],
			"faces": {
				"north": {"uv": [2, 14, 4, 15], "texture": "#1"},
				"east": {"uv": [0, 14, 16, 15], "texture": "#1"},
				"south": {"uv": [12, 14, 14, 15], "texture": "#1"},
				"west": {"uv": [0, 15, 16, 16], "texture": "#1"},
				"up": {"uv": [12, 0, 14, 16], "texture": "#rail"},
				"down": {"uv": [12, 0, 14, 16], "texture": "#rail"}
			}
		},
		{
			"from": [1, 0, 1],
			"to": [15, 1, 3],
			"faces": {
				"north": {"uv": [1, 10, 15, 11], "texture": "#1"},
				"east": {"uv": [13, 10, 15, 11], "texture": "#1"},
				"south": {"uv": [1, 11, 15, 12], "texture": "#1"},
				"west": {"uv": [1, 10, 3, 11], "texture": "#1"},
				"up": {"uv": [1, 1, 15, 3], "texture": "#rail"},
				"down": {"uv": [1, 12, 15, 10], "texture": "#1"}
			}
		},
		{
			"from": [1, 0, 5],
			"to": [15, 1, 7],
			"faces": {
				"north": {"uv": [1, 10, 15, 11], "texture": "#1"},
				"east": {"uv": [9, 10, 11, 11], "texture": "#1"},
				"south": {"uv": [1, 11, 15, 12], "texture": "#1"},
				"west": {"uv": [5, 10, 7, 11], "texture": "#1"},
				"up": {"uv": [1, 5, 15, 7], "texture": "#rail"},
				"down": {"uv": [1, 12, 15, 10], "texture": "#1"}
			}
		},
		{
			"from": [1, 0, 9],
			"to": [15, 1, 11],
			"faces": {
				"north": {"uv": [1, 10, 15, 11], "texture": "#1"},
				"east": {"uv": [5, 10, 7, 11], "texture": "#1"},
				"south": {"uv": [1, 11, 15, 12], "texture": "#1"},
				"west": {"uv": [9, 10, 11, 11], "texture": "#1"},
				"up": {"uv": [1, 9, 15, 11], "texture": "#rail"},
				"down": {"uv": [1, 12, 15, 10], "texture": "#1"}
			}
		},
		{
			"from": [1, 0, 13],
			"to": [15, 1, 15],
			"faces": {
				"north": {"uv": [1, 10, 15, 11], "texture": "#1"},
				"east": {"uv": [1, 10, 3, 11], "texture": "#1"},
				"south": {"uv": [1, 11, 15, 12], "texture": "#1"},
				"west": {"uv": [13, 10, 15, 11], "texture": "#1"},
				"up": {"uv": [1, 13, 15, 15], "texture": "#rail"},
				"down": {"uv": [1, 12, 15, 10], "texture": "#1"}
			}
		},
		{
			"from": [6, 1, 0],
			"to": [7, 2, 5],
			"faces": {
				"north": {"uv": [9, 9, 10, 10], "texture": "#1"},
				"east": {"uv": [11, 9, 16, 10], "texture": "#1"},
				"south": {"uv": [6, 9, 7, 10], "texture": "#1"},
				"west": {"uv": [11, 9, 16, 10], "texture": "#1"},
				"up": {"uv": [11, 9, 16, 10], "rotation": 270, "texture": "#1"},
				"down": {"uv": [11, 9, 16, 10], "rotation": 90, "texture": "#1"}
			}
		},
		{
			"from": [9, 1, 0],
			"to": [10, 2, 5],
			"faces": {
				"north": {"uv": [6, 9, 7, 10], "texture": "#1"},
				"east": {"uv": [11, 9, 16, 10], "texture": "#1"},
				"south": {"uv": [9, 9, 10, 10], "texture": "#1"},
				"west": {"uv": [11, 9, 16, 10], "texture": "#1"},
				"up": {"uv": [11, 9, 16, 10], "rotation": 270, "texture": "#1"},
				"down": {"uv": [11, 9, 16, 10], "rotation": 90, "texture": "#1"}
			}
		},
		{
			"from": [9, 1, 11],
			"to": [10, 2, 16],
			"faces": {
				"north": {"uv": [6, 9, 7, 10], "texture": "#1"},
				"east": {"uv": [0, 9, 5, 10], "texture": "#1"},
				"south": {"uv": [9, 9, 10, 10], "texture": "#1"},
				"west": {"uv": [0, 9, 5, 10], "texture": "#1"},
				"up": {"uv": [0, 9, 5, 10], "rotation": 270, "texture": "#1"},
				"down": {"uv": [0, 9, 5, 10], "rotation": 90, "texture": "#1"}
			}
		},
		{
			"from": [6, 1, 11],
			"to": [7, 2, 16],
			"faces": {
				"north": {"uv": [9, 9, 10, 10], "texture": "#1"},
				"east": {"uv": [0, 9, 5, 10], "texture": "#1"},
				"south": {"uv": [6, 9, 7, 10], "texture": "#1"},
				"west": {"uv": [0, 9, 5, 10], "texture": "#1"},
				"up": {"uv": [0, 9, 5, 10], "rotation": 270, "texture": "#1"},
				"down": {"uv": [0, 9, 5, 10], "rotation": 90, "texture": "#1"}
			}
		},
		{
			"from": [5, 1, 5],
			"to": [11, 2, 11],
			"faces": {
				"north": {"uv": [5, 8, 11, 9], "texture": "#1"},
				"east": {"uv": [5, 8, 11, 9], "texture": "#1"},
				"south": {"uv": [5, 8, 11, 9], "texture": "#1"},
				"west": {"uv": [5, 8, 11, 9], "texture": "#1"},
				"up": {"uv": [5, 5, 11, 11], "texture": "#rail"},
				"down": {"uv": [5, 5, 11, 11], "rotation": 180, "texture": "#rail"}
			}
		},
		{
			"from": [6, 2, 6],
			"to": [10, 3, 10],
			"faces": {
				"north": {"uv": [6, 9, 10, 10], "texture": "#1"},
				"east": {"uv": [6, 9, 10, 10], "texture": "#1"},
				"south": {"uv": [6, 9, 10, 10], "texture": "#1"},
				"west": {"uv": [6, 9, 10, 10], "texture": "#1"},
				"up": {"uv": [6, 6, 10, 10], "texture": "#rail"},
				"down": {"uv": [6, 6, 10, 10], "rotation": 180, "texture": "#rail"}
			}
		}
	]
}