{
	"parent": "block/block",
	"textures": {
		"2": "minecraft:block/dirt",
		"particle": "minecraft:block/dirt",
		"dirt": "block/farmland_moist_side",
		"top": "minecraft:block/farmland_moist"
	},
	"elements": [
		{
			"from": [0, 0, 0],
			"to": [16, 15, 16],
			"faces": {
				"north": {"uv": [0, 1, 16, 16], "texture": "#dirt"},
				"east": {"uv": [0, 1, 16, 16], "texture": "#dirt"},
				"south": {"uv": [0, 1, 16, 16], "texture": "#dirt"},
				"west": {"uv": [0, 1, 16, 16], "texture": "#dirt"},
				"up": {"uv": [0, 0, 16, 16], "texture": "#top"},
				"down": {"uv": [0, 0, 16, 16], "texture": "#2"}
			}
		}
	]
}