{
	"credit": "Made by Endmir26",
	"textures": {
		"particle": "minecraft:block/frogspawn",
		"texture": "minecraft:block/frogspawn"
	},
	"elements": [
		{
			"from": [5, -3.5, 0],
			"to": [8, -0.5, 3],
			"faces": {
				"north": {"uv": [5, 0, 8, 3], "texture": "#texture"},
				"east": {"uv": [5, 0, 8, 3], "texture": "#texture"},
				"south": {"uv": [5, 0, 8, 3], "texture": "#texture"},
				"west": {"uv": [5, 0, 8, 3], "texture": "#texture"},
				"up": {"uv": [5, 0, 8, 3], "texture": "#texture"},
				"down": {"uv": [5, 0, 8, 3], "texture": "#texture"}
			}
		},
		{
			"from": [11, -3.5, 2],
			"to": [14, -0.5, 5],
			"faces": {
				"north": {"uv": [11, 2, 14, 5], "texture": "#texture"},
				"east": {"uv": [11, 2, 14, 5], "texture": "#texture"},
				"south": {"uv": [11, 2, 14, 5], "texture": "#texture"},
				"west": {"uv": [11, 2, 14, 5], "texture": "#texture"},
				"up": {"uv": [11, 2, 14, 5], "texture": "#texture"},
				"down": {"uv": [11, 2, 14, 5], "texture": "#texture"}
			}
		},
		{
			"from": [9, -3.5, 6],
			"to": [12, -0.5, 9],
			"faces": {
				"north": {"uv": [9, 6, 12, 9], "texture": "#texture"},
				"east": {"uv": [9, 6, 12, 9], "texture": "#texture"},
				"south": {"uv": [9, 6, 12, 9], "texture": "#texture"},
				"west": {"uv": [9, 6, 12, 9], "texture": "#texture"},
				"up": {"uv": [9, 6, 12, 9], "texture": "#texture"},
				"down": {"uv": [9, 6, 12, 9], "texture": "#texture"}
			}
		},
		{
			"from": [13, -3.5, 9],
			"to": [16, -0.5, 12],
			"faces": {
				"north": {"uv": [13, 9, 16, 12], "texture": "#texture"},
				"east": {"uv": [13, 9, 16, 12], "texture": "#texture"},
				"south": {"uv": [13, 9, 16, 12], "texture": "#texture"},
				"west": {"uv": [13, 9, 16, 12], "texture": "#texture"},
				"up": {"uv": [13, 9, 16, 12], "texture": "#texture"},
				"down": {"uv": [13, 9, 16, 12], "texture": "#texture"}
			}
		},
		{
			"from": [10, -3.5, 13],
			"to": [13, -0.5, 16],
			"faces": {
				"north": {"uv": [10, 13, 13, 16], "texture": "#texture"},
				"east": {"uv": [10, 13, 13, 16], "texture": "#texture"},
				"south": {"uv": [10, 13, 13, 16], "texture": "#texture"},
				"west": {"uv": [10, 13, 13, 16], "texture": "#texture"},
				"up": {"uv": [10, 13, 13, 16], "texture": "#texture"},
				"down": {"uv": [10, 13, 13, 16], "texture": "#texture"}
			}
		},
		{
			"from": [6, -3.5, 11],
			"to": [9, -0.5, 14],
			"faces": {
				"north": {"uv": [6, 11, 9, 14], "texture": "#texture"},
				"east": {"uv": [6, 11, 9, 14], "texture": "#texture"},
				"south": {"uv": [6, 11, 9, 14], "texture": "#texture"},
				"west": {"uv": [6, 11, 9, 14], "texture": "#texture"},
				"up": {"uv": [6, 11, 9, 14], "texture": "#texture"},
				"down": {"uv": [6, 11, 9, 14], "texture": "#texture"}
			}
		},
		{
			"from": [1, -3.5, 12],
			"to": [4, -0.5, 15],
			"faces": {
				"north": {"uv": [1, 12, 4, 15], "texture": "#texture"},
				"east": {"uv": [1, 12, 4, 15], "texture": "#texture"},
				"south": {"uv": [1, 12, 4, 15], "texture": "#texture"},
				"west": {"uv": [1, 12, 4, 15], "texture": "#texture"},
				"up": {"uv": [1, 12, 4, 15], "texture": "#texture"},
				"down": {"uv": [1, 12, 4, 15], "texture": "#texture"}
			}
		},
		{
			"from": [3, -3.5, 7],
			"to": [6, -0.5, 10],
			"faces": {
				"north": {"uv": [3, 7, 6, 10], "texture": "#texture"},
				"east": {"uv": [3, 7, 6, 10], "texture": "#texture"},
				"south": {"uv": [3, 7, 6, 10], "texture": "#texture"},
				"west": {"uv": [3, 7, 6, 10], "texture": "#texture"},
				"up": {"uv": [3, 7, 6, 10], "texture": "#texture"},
				"down": {"uv": [3, 7, 6, 10], "texture": "#texture"}
			}
		},
		{
			"from": [0, -3.5, 3],
			"to": [3, -0.5, 6],
			"faces": {
				"north": {"uv": [0, 3, 3, 6], "texture": "#texture"},
				"east": {"uv": [0, 3, 3, 6], "texture": "#texture"},
				"south": {"uv": [0, 3, 3, 6], "texture": "#texture"},
				"west": {"uv": [0, 3, 3, 6], "texture": "#texture"},
				"up": {"uv": [0, 3, 3, 6], "texture": "#texture"},
				"down": {"uv": [0, 3, 3, 6], "texture": "#texture"}
			}
		},
		{
			"from": [1, -2.5, 4],
			"to": [2, -1.5, 5],
			"faces": {
				"north": {"uv": [0, 0, 1, 1], "texture": "#texture"},
				"east": {"uv": [0, 0, 1, 1], "texture": "#texture"},
				"south": {"uv": [0, 0, 1, 1], "texture": "#texture"},
				"west": {"uv": [0, 0, 1, 1], "texture": "#texture"},
				"up": {"uv": [0, 0, 1, 1], "texture": "#texture"},
				"down": {"uv": [0, 0, 1, 1], "texture": "#texture"}
			}
		},
		{
			"from": [2, -2.5, 13],
			"to": [3, -1.5, 14],
			"faces": {
				"north": {"uv": [0, 0, 1, 1], "texture": "#texture"},
				"east": {"uv": [0, 0, 1, 1], "texture": "#texture"},
				"south": {"uv": [0, 0, 1, 1], "texture": "#texture"},
				"west": {"uv": [0, 0, 1, 1], "texture": "#texture"},
				"up": {"uv": [0, 0, 1, 1], "texture": "#texture"},
				"down": {"uv": [0, 0, 1, 1], "texture": "#texture"}
			}
		},
		{
			"from": [11, -2.5, 14],
			"to": [12, -1.5, 15],
			"faces": {
				"north": {"uv": [0, 0, 1, 1], "texture": "#texture"},
				"east": {"uv": [0, 0, 1, 1], "texture": "#texture"},
				"south": {"uv": [0, 0, 1, 1], "texture": "#texture"},
				"west": {"uv": [0, 0, 1, 1], "texture": "#texture"},
				"up": {"uv": [0, 0, 1, 1], "texture": "#texture"},
				"down": {"uv": [0, 0, 1, 1], "texture": "#texture"}
			}
		},
		{
			"from": [7, -2.5, 12],
			"to": [8, -1.5, 13],
			"faces": {
				"north": {"uv": [0, 0, 1, 1], "texture": "#texture"},
				"east": {"uv": [0, 0, 1, 1], "texture": "#texture"},
				"south": {"uv": [0, 0, 1, 1], "texture": "#texture"},
				"west": {"uv": [0, 0, 1, 1], "texture": "#texture"},
				"up": {"uv": [0, 0, 1, 1], "texture": "#texture"},
				"down": {"uv": [0, 0, 1, 1], "texture": "#texture"}
			}
		},
		{
			"from": [14, -2.5, 10],
			"to": [15, -1.5, 11],
			"faces": {
				"north": {"uv": [0, 0, 1, 1], "texture": "#texture"},
				"east": {"uv": [0, 0, 1, 1], "texture": "#texture"},
				"south": {"uv": [0, 0, 1, 1], "texture": "#texture"},
				"west": {"uv": [0, 0, 1, 1], "texture": "#texture"},
				"up": {"uv": [0, 0, 1, 1], "texture": "#texture"},
				"down": {"uv": [0, 0, 1, 1], "texture": "#texture"}
			}
		},
		{
			"from": [12, -2.5, 3],
			"to": [13, -1.5, 4],
			"faces": {
				"north": {"uv": [0, 0, 1, 1], "texture": "#texture"},
				"east": {"uv": [0, 0, 1, 1], "texture": "#texture"},
				"south": {"uv": [0, 0, 1, 1], "texture": "#texture"},
				"west": {"uv": [0, 0, 1, 1], "texture": "#texture"},
				"up": {"uv": [0, 0, 1, 1], "texture": "#texture"},
				"down": {"uv": [0, 0, 1, 1], "texture": "#texture"}
			}
		},
		{
			"from": [10, -2.5, 7],
			"to": [11, -1.5, 8],
			"faces": {
				"north": {"uv": [0, 0, 1, 1], "texture": "#texture"},
				"east": {"uv": [0, 0, 1, 1], "texture": "#texture"},
				"south": {"uv": [0, 0, 1, 1], "texture": "#texture"},
				"west": {"uv": [0, 0, 1, 1], "texture": "#texture"},
				"up": {"uv": [0, 0, 1, 1], "texture": "#texture"},
				"down": {"uv": [0, 0, 1, 1], "texture": "#texture"}
			}
		},
		{
			"from": [4, -2.5, 8],
			"to": [5, -1.5, 9],
			"faces": {
				"north": {"uv": [0, 0, 1, 1], "texture": "#texture"},
				"east": {"uv": [0, 0, 1, 1], "texture": "#texture"},
				"south": {"uv": [0, 0, 1, 1], "texture": "#texture"},
				"west": {"uv": [0, 0, 1, 1], "texture": "#texture"},
				"up": {"uv": [0, 0, 1, 1], "texture": "#texture"},
				"down": {"uv": [0, 0, 1, 1], "texture": "#texture"}
			}
		}
	]
}