{
	"parent": "minecraft:block/orientable",
	"textures": {
		"3": "minecraft:block/furnace_bottom",
		"4": "minecraft:block/furnace_side2",
		"front": "minecraft:block/furnace_front_on",
		"side": "minecraft:block/furnace_side1",
		"top": "minecraft:block/furnace_top1",
		"particle": "minecraft:block/furnace_bottom"
	},
	"elements": [
		{
			"from": [0, 0, 0],
			"to": [16, 16, 16],
			"faces": {
				"north": {"uv": [0, 0, 16, 16], "texture": "#front"},
				"east": {"uv": [0, 0, 16, 16], "texture": "#side"},
				"south": {"uv": [0, 0, 16, 16], "texture": "#4"},
				"west": {"uv": [0, 0, 16, 16], "texture": "#side"},
				"up": {"uv": [0, 0, 16, 16], "texture": "#top"},
				"down": {"uv": [0, 0, 16, 16], "texture": "#3"}
			}
		}
	]
}