{
	"ambientocclusion": false,
	"textures": {
		"particle": "block/glow_lichen",
		"glow_lichen": "block/glow_lichen"
	},
	"elements": [
		{
			"from": [0, 0, 0.1],
			"to": [16, 16, 0.1],
			"faces": {
				"north": {"uv": [16, 0, 0, 16], "texture": "#glow_lichen"},
				"south": {"uv": [0, 0, 16, 16], "texture": "#glow_lichen"}
			}
		},
		{
			"from": [3, 13, 0.1],
			"to": [4, 14, 1.1],
			"faces": {
				"north": {"uv": [3, 2, 4, 3], "texture": "#glow_lichen"},
				"east": {"uv": [3, 2, 4, 3], "texture": "#glow_lichen"},
				"south": {"uv": [3, 2, 4, 3], "texture": "#glow_lichen"},
				"west": {"uv": [3, 2, 4, 3], "texture": "#glow_lichen"},
				"up": {"uv": [3, 2, 4, 3], "texture": "#glow_lichen"},
				"down": {"uv": [3, 2, 4, 3], "texture": "#glow_lichen"}
			}
		},
		{
			"from": [14, 13, 0.1],
			"to": [15, 14, 1.1],
			"faces": {
				"north": {"uv": [14, 2, 15, 3], "texture": "#glow_lichen"},
				"east": {"uv": [14, 2, 15, 3], "texture": "#glow_lichen"},
				"south": {"uv": [14, 2, 15, 3], "texture": "#glow_lichen"},
				"west": {"uv": [14, 2, 15, 3], "texture": "#glow_lichen"},
				"up": {"uv": [14, 2, 15, 3], "texture": "#glow_lichen"},
				"down": {"uv": [14, 2, 15, 3], "texture": "#glow_lichen"}
			}
		},
		{
			"from": [8, 9, 0.1],
			"to": [9, 10, 1.1],
			"faces": {
				"north": {"uv": [8, 6, 9, 7], "texture": "#glow_lichen"},
				"east": {"uv": [8, 6, 9, 7], "texture": "#glow_lichen"},
				"south": {"uv": [8, 6, 9, 7], "texture": "#glow_lichen"},
				"west": {"uv": [8, 6, 9, 7], "texture": "#glow_lichen"},
				"up": {"uv": [8, 6, 9, 7], "texture": "#glow_lichen"},
				"down": {"uv": [8, 6, 9, 7], "texture": "#glow_lichen"}
			}
		},
		{
			"from": [1, 6, 0.1],
			"to": [2, 7, 1.1],
			"faces": {
				"north": {"uv": [1, 9, 2, 10], "texture": "#glow_lichen"},
				"east": {"uv": [1, 9, 2, 10], "texture": "#glow_lichen"},
				"south": {"uv": [1, 9, 2, 10], "texture": "#glow_lichen"},
				"west": {"uv": [1, 9, 2, 10], "texture": "#glow_lichen"},
				"up": {"uv": [1, 9, 2, 10], "texture": "#glow_lichen"},
				"down": {"uv": [1, 9, 2, 10], "texture": "#glow_lichen"}
			}
		},
		{
			"from": [11, 4, 0.1],
			"to": [12, 5, 1.1],
			"faces": {
				"north": {"uv": [11, 11, 12, 12], "texture": "#glow_lichen"},
				"east": {"uv": [11, 11, 12, 12], "texture": "#glow_lichen"},
				"south": {"uv": [11, 11, 12, 12], "texture": "#glow_lichen"},
				"west": {"uv": [11, 11, 12, 12], "texture": "#glow_lichen"},
				"up": {"uv": [11, 11, 12, 12], "texture": "#glow_lichen"},
				"down": {"uv": [11, 11, 12, 12], "texture": "#glow_lichen"}
			}
		},
		{
			"from": [3, 2, 0.1],
			"to": [4, 3, 1.1],
			"faces": {
				"north": {"uv": [3, 13, 4, 14], "texture": "#glow_lichen"},
				"east": {"uv": [3, 13, 4, 14], "texture": "#glow_lichen"},
				"south": {"uv": [3, 13, 4, 14], "texture": "#glow_lichen"},
				"west": {"uv": [3, 13, 4, 14], "texture": "#glow_lichen"},
				"up": {"uv": [3, 13, 4, 14], "texture": "#glow_lichen"},
				"down": {"uv": [3, 13, 4, 14], "texture": "#glow_lichen"}
			}
		}
	]
}