{
	"parent": "minecraft:block/template_orientable_trapdoor_open",
	"textures": {
		"1": "block/iron_trapdoor_side",
		"2": "minecraft:block/iron_bars",
		"particle": "block/iron_trapdoor_side",
		"texture": "minecraft:block/iron_trapdoor"
	},
	"elements": [
		{
			"from": [0, 0, 13],
			"to": [3, 16, 16],
			"faces": {
				"north": {"uv": [16, 16, 13, 0], "rotation": 180, "texture": "#texture"},
				"east": {"uv": [0, 13, 16, 16], "rotation": 270, "texture": "#1"},
				"south": {"uv": [0, 0, 3, 16], "texture": "#texture"},
				"west": {"uv": [0, 13, 16, 16], "rotation": 90, "texture": "#1"},
				"up": {"uv": [13, 13, 16, 16], "rotation": 180, "texture": "#1"},
				"down": {"uv": [0, 13, 3, 16], "texture": "#1"}
			}
		},
		{
			"from": [13, 0, 13],
			"to": [16, 16, 16],
			"faces": {
				"north": {"uv": [3, 16, 0, 0], "rotation": 180, "texture": "#texture"},
				"east": {"uv": [0, 13, 16, 16], "rotation": 270, "texture": "#1"},
				"south": {"uv": [13, 0, 16, 16], "texture": "#texture"},
				"west": {"uv": [0, 13, 16, 16], "rotation": 90, "texture": "#1"},
				"up": {"uv": [0, 13, 3, 16], "rotation": 180, "texture": "#1"},
				"down": {"uv": [13, 13, 16, 16], "texture": "#1"}
			}
		},
		{
			"from": [0, 0, 13],
			"to": [16, 3, 16],
			"faces": {
				"north": {"uv": [16, 16, 0, 13], "rotation": 180, "texture": "#texture"},
				"east": {"uv": [0, 13, 3, 16], "rotation": 270, "texture": "#1"},
				"south": {"uv": [0, 13, 16, 16], "texture": "#texture"},
				"west": {"uv": [13, 13, 16, 16], "rotation": 90, "texture": "#1"},
				"up": {"uv": [0, 13, 16, 16], "rotation": 180, "texture": "#1"},
				"down": {"uv": [0, 13, 16, 16], "texture": "#1"}
			}
		},
		{
			"from": [0, 13, 13],
			"to": [16, 16, 16],
			"faces": {
				"north": {"uv": [16, 3, 0, 0], "rotation": 180, "texture": "#texture"},
				"east": {"uv": [13, 13, 16, 16], "rotation": 270, "texture": "#1"},
				"south": {"uv": [0, 0, 16, 3], "texture": "#texture"},
				"west": {"uv": [0, 13, 3, 16], "rotation": 90, "texture": "#1"},
				"up": {"uv": [0, 13, 16, 16], "rotation": 180, "texture": "#1"},
				"down": {"uv": [0, 13, 16, 16], "texture": "#1"}
			}
		},
		{
			"from": [0, 0, 14],
			"to": [16, 16, 15],
			"faces": {
				"north": {"uv": [16, 16, 0, 0], "rotation": 180, "texture": "#2"},
				"east": {"uv": [0, 14, 16, 15], "rotation": 270, "texture": "#1"},
				"south": {"uv": [0, 0, 16, 16], "texture": "#2"},
				"west": {"uv": [0, 14, 16, 15], "rotation": 90, "texture": "#1"},
				"up": {"uv": [0, 14, 16, 15], "rotation": 180, "texture": "#1"},
				"down": {"uv": [0, 14, 16, 15], "texture": "#1"}
			}
		}
	]
}