{
	"parent": "minecraft:block/template_orientable_trapdoor_bottom",
	"textures": {
		"1": "block/jungle_trapdoor_side",
		"particle": "block/jungle_trapdoor_side",
		"texture": "minecraft:block/jungle_trapdoor"
	},
	"elements": [
		{
			"from": [13, 0, 0],
			"to": [16, 3, 16],
			"faces": {
				"north": {"uv": [0, 13, 3, 16], "texture": "#1"},
				"east": {"uv": [0, 13, 16, 16], "texture": "#1"},
				"south": {"uv": [13, 13, 16, 16], "texture": "#1"},
				"west": {"uv": [0, 13, 16, 16], "texture": "#1"},
				"up": {"uv": [0, 0, 3, 16], "rotation": 180, "texture": "#texture"},
				"down": {"uv": [16, 16, 13, 0], "rotation": 180, "texture": "#texture"}
			}
		},
		{
			"from": [0, 0, 0],
			"to": [3, 3, 16],
			"faces": {
				"north": {"uv": [13, 13, 16, 16], "texture": "#1"},
				"east": {"uv": [0, 13, 16, 16], "texture": "#1"},
				"south": {"uv": [0, 13, 3, 16], "texture": "#1"},
				"west": {"uv": [0, 13, 16, 16], "texture": "#1"},
				"up": {"uv": [13, 0, 16, 16], "rotation": 180, "texture": "#texture"},
				"down": {"uv": [3, 16, 0, 0], "rotation": 180, "texture": "#texture"}
			}
		},
		{
			"from": [0, 0, 0],
			"to": [16, 3, 3],
			"faces": {
				"north": {"uv": [0, 13, 16, 16], "texture": "#1"},
				"east": {"uv": [13, 13, 16, 16], "texture": "#1"},
				"south": {"uv": [0, 13, 16, 16], "texture": "#1"},
				"west": {"uv": [0, 13, 3, 16], "texture": "#1"},
				"up": {"uv": [0, 13, 16, 16], "rotation": 180, "texture": "#texture"},
				"down": {"uv": [16, 16, 0, 13], "rotation": 180, "texture": "#texture"}
			}
		},
		{
			"from": [0, 0, 13],
			"to": [16, 3, 16],
			"faces": {
				"north": {"uv": [0, 13, 16, 16], "texture": "#1"},
				"east": {"uv": [0, 13, 3, 16], "texture": "#1"},
				"south": {"uv": [0, 13, 16, 16], "texture": "#1"},
				"west": {"uv": [13, 13, 16, 16], "texture": "#1"},
				"up": {"uv": [0, 0, 16, 3], "rotation": 180, "texture": "#texture"},
				"down": {"uv": [16, 3, 0, 0], "rotation": 180, "texture": "#texture"}
			}
		},
		{
			"from": [3, 1, 7],
			"to": [13, 2, 9],
			"faces": {
				"north": {"uv": [3, 14, 13, 15], "texture": "#1"},
				"east": {"uv": [7, 14, 9, 15], "texture": "#1"},
				"south": {"uv": [3, 14, 13, 15], "texture": "#1"},
				"west": {"uv": [7, 14, 9, 15], "texture": "#1"},
				"up": {"uv": [3, 7, 13, 9], "rotation": 180, "texture": "#texture"},
				"down": {"uv": [13, 9, 3, 7], "rotation": 180, "texture": "#texture"}
			}
		},
		{
			"from": [9, 1, 4],
			"to": [10, 2, 13],
			"faces": {
				"north": {"uv": [6, 14, 7, 15], "texture": "#1"},
				"east": {"uv": [3, 14, 12, 15], "texture": "#1"},
				"south": {"uv": [9, 14, 10, 15], "texture": "#1"},
				"west": {"uv": [4, 14, 13, 15], "texture": "#1"},
				"up": {"uv": [6, 3, 7, 12], "rotation": 180, "texture": "#texture"},
				"down": {"uv": [6, 12, 7, 3], "rotation": 180, "texture": "#texture"}
			}
		},
		{
			"from": [6, 1, 4],
			"to": [7, 2, 13],
			"faces": {
				"north": {"uv": [9, 14, 10, 15], "texture": "#1"},
				"east": {"uv": [3, 14, 12, 15], "texture": "#1"},
				"south": {"uv": [6, 14, 7, 15], "texture": "#1"},
				"west": {"uv": [4, 14, 13, 15], "texture": "#1"},
				"up": {"uv": [9, 3, 10, 12], "rotation": 180, "texture": "#texture"},
				"down": {"uv": [9, 12, 10, 3], "rotation": 180, "texture": "#texture"}
			}
		},
		{
			"from": [3, 0, 3],
			"to": [13, 3, 4],
			"faces": {
				"north": {"uv": [3, 13, 13, 16], "texture": "#1"},
				"east": {"uv": [12, 13, 13, 16], "texture": "#1"},
				"south": {"uv": [3, 13, 13, 16], "texture": "#1"},
				"west": {"uv": [3, 13, 4, 16], "texture": "#1"},
				"up": {"uv": [3, 12, 13, 13], "rotation": 180, "texture": "#texture"},
				"down": {"uv": [13, 13, 3, 12], "rotation": 180, "texture": "#texture"}
			}
		},
		{
			"from": [11, 0, 12],
			"to": [13, 3, 13],
			"faces": {
				"north": {"uv": [3, 13, 5, 16], "texture": "#1"},
				"east": {"uv": [3, 13, 4, 16], "texture": "#1"},
				"south": {"uv": [11, 13, 13, 16], "texture": "#1"},
				"west": {"uv": [12, 13, 13, 16], "texture": "#1"},
				"up": {"uv": [3, 3, 5, 4], "rotation": 180, "texture": "#texture"},
				"down": {"uv": [13, 3, 11, 4], "rotation": 180, "texture": "#texture"}
			}
		},
		{
			"from": [11, 0, 4],
			"to": [13, 3, 5],
			"faces": {
				"north": {"uv": [3, 13, 5, 16], "texture": "#1"},
				"east": {"uv": [11, 13, 12, 16], "texture": "#1"},
				"south": {"uv": [11, 13, 13, 16], "texture": "#1"},
				"west": {"uv": [4, 13, 5, 16], "texture": "#1"},
				"up": {"uv": [3, 11, 5, 12], "rotation": 180, "texture": "#texture"},
				"down": {"uv": [13, 12, 11, 11], "rotation": 180, "texture": "#texture"}
			}
		},
		{
			"from": [3, 0, 12],
			"to": [5, 3, 13],
			"faces": {
				"north": {"uv": [11, 13, 13, 16], "texture": "#1"},
				"east": {"uv": [3, 13, 4, 16], "texture": "#1"},
				"south": {"uv": [3, 13, 5, 16], "texture": "#1"},
				"west": {"uv": [12, 13, 13, 16], "texture": "#1"},
				"up": {"uv": [11, 3, 13, 4], "rotation": 180, "texture": "#texture"},
				"down": {"uv": [5, 3, 3, 4], "rotation": 180, "texture": "#texture"}
			}
		},
		{
			"from": [3, 0, 4],
			"to": [5, 3, 5],
			"faces": {
				"north": {"uv": [11, 13, 13, 16], "texture": "#1"},
				"east": {"uv": [11, 13, 12, 16], "texture": "#1"},
				"south": {"uv": [3, 13, 5, 16], "texture": "#1"},
				"west": {"uv": [4, 13, 5, 16], "texture": "#1"},
				"up": {"uv": [11, 11, 13, 12], "rotation": 180, "texture": "#texture"},
				"down": {"uv": [5, 12, 3, 11], "rotation": 180, "texture": "#texture"}
			}
		},
		{
			"from": [12, 0, 4],
			"to": [13, 3, 7],
			"faces": {
				"north": {"uv": [3, 13, 4, 16], "texture": "#1"},
				"east": {"uv": [9, 13, 12, 16], "texture": "#1"},
				"south": {"uv": [12, 13, 13, 16], "texture": "#1"},
				"west": {"uv": [4, 13, 7, 16], "texture": "#1"},
				"up": {"uv": [3, 9, 4, 12], "rotation": 180, "texture": "#texture"},
				"down": {"uv": [12, 12, 13, 9], "rotation": 180, "texture": "#texture"}
			}
		},
		{
			"from": [12, 0, 11],
			"to": [13, 3, 13],
			"faces": {
				"north": {"uv": [3, 13, 4, 16], "texture": "#1"},
				"east": {"uv": [3, 13, 5, 16], "texture": "#1"},
				"south": {"uv": [12, 13, 13, 16], "texture": "#1"},
				"west": {"uv": [11, 13, 13, 16], "texture": "#1"},
				"up": {"uv": [3, 3, 4, 5], "rotation": 180, "texture": "#texture"},
				"down": {"uv": [13, 5, 12, 3], "rotation": 180, "texture": "#texture"}
			}
		},
		{
			"from": [3, 0, 11],
			"to": [4, 3, 13],
			"faces": {
				"north": {"uv": [12, 13, 13, 16], "texture": "#1"},
				"east": {"uv": [3, 13, 5, 16], "texture": "#1"},
				"south": {"uv": [3, 13, 4, 16], "texture": "#1"},
				"west": {"uv": [11, 13, 13, 16], "texture": "#1"},
				"up": {"uv": [12, 3, 13, 5], "rotation": 180, "texture": "#texture"},
				"down": {"uv": [4, 5, 3, 3], "rotation": 180, "texture": "#texture"}
			}
		},
		{
			"from": [3, 0, 4],
			"to": [4, 3, 7],
			"faces": {
				"north": {"uv": [12, 13, 13, 16], "texture": "#1"},
				"east": {"uv": [9, 13, 12, 16], "texture": "#1"},
				"south": {"uv": [3, 13, 4, 16], "texture": "#1"},
				"west": {"uv": [4, 13, 7, 16], "texture": "#1"},
				"up": {"uv": [12, 9, 13, 12], "rotation": 180, "texture": "#texture"},
				"down": {"uv": [3, 12, 4, 9], "rotation": 180, "texture": "#texture"}
			}
		}
	]
}