{
	"parent": "minecraft:block/fence_post",
	"textures": {
		"1": "block/jungle_planks_double_slab_side",
		"2": "block/jungle_fence_top",
		"particle": "block/jungle_planks_double_slab_side"
	},
	"elements": [
		{
			"from": [6, 0, 6],
			"to": [10, 16, 10],
			"faces": {
				"north": {"uv": [6, 0, 10, 16], "texture": "#1"},
				"east": {"uv": [6, 0, 10, 16], "texture": "#1"},
				"south": {"uv": [6, 0, 10, 16], "texture": "#1"},
				"west": {"uv": [6, 0, 10, 16], "texture": "#1"},
				"up": {"uv": [6, 6, 10, 10], "texture": "#2"},
				"down": {"uv": [6, 6, 10, 10], "texture": "#2"}
			}
		}
	]
}