{
	"parent": "minecraft:block/fence_side",
	"textures": {
		"1": "minecraft:block/jungle_planks",
		"2": "minecraft:block/bamboo_stalk",
		"3": "minecraft:block/jungle_fence_top",
		"particle": "minecraft:block/jungle_planks"
	},
	"elements": [
		{
			"from": [7, 2, 0],
			"to": [9, 4, 6],
			"faces": {
				"north": {"uv": [7, 12, 9, 14], "texture": "#1"},
				"east": {"uv": [2, 12, 8, 14], "texture": "#1"},
				"south": {"uv": [7, 12, 9, 14], "texture": "#1"},
				"west": {"uv": [8, 12, 14, 14], "texture": "#1"},
				"up": {"uv": [7, 0, 9, 6], "texture": "#3"},
				"down": {"uv": [7, 10, 9, 16], "texture": "#3"}
			}
		},
		{
			"from": [7, 12, 0],
			"to": [9, 14, 6],
			"faces": {
				"north": {"uv": [7, 2, 9, 4], "texture": "#1"},
				"east": {"uv": [2, 2, 8, 4], "texture": "#1"},
				"south": {"uv": [7, 2, 9, 4], "texture": "#1"},
				"west": {"uv": [8, 2, 14, 4], "texture": "#1"},
				"up": {"uv": [7, 0, 9, 6], "texture": "#3"},
				"down": {"uv": [7, 10, 9, 16], "texture": "#3"}
			}
		},
		{
			"from": [7.5, 0, 4],
			"to": [8.5, 16, 5],
			"faces": {
				"north": {"uv": [4, 0, 5, 16], "texture": "#2"},
				"east": {"uv": [4, 0, 5, 16], "texture": "#2"},
				"south": {"uv": [4, 0, 5, 16], "texture": "#2"},
				"west": {"uv": [4, 0, 5, 16], "texture": "#2"},
				"up": {"uv": [14, 1, 15, 2], "texture": "#2"},
				"down": {"uv": [14, 5, 15, 6], "texture": "#2"}
			}
		},
		{
			"from": [7.5, 0, 1],
			"to": [8.5, 16, 2],
			"faces": {
				"north": {"uv": [7, 0, 8, 16], "texture": "#2"},
				"east": {"uv": [7, 0, 8, 16], "texture": "#2"},
				"south": {"uv": [7, 0, 8, 16], "texture": "#2"},
				"west": {"uv": [7, 0, 8, 16], "texture": "#2"},
				"up": {"uv": [14, 1, 15, 2], "texture": "#2"},
				"down": {"uv": [14, 5, 15, 6], "texture": "#2"}
			}
		},
		{
			"from": [7.5, 9, 0],
			"to": [8.5, 10, 6],
			"faces": {
				"north": {"uv": [7, 6, 8, 7], "texture": "#2"},
				"east": {"uv": [3, 6, 9, 7], "texture": "#2"},
				"south": {"uv": [4, 6, 5, 7], "texture": "#2"},
				"west": {"uv": [3, 6, 9, 7], "texture": "#2"},
				"up": {"uv": [0, 7, 1, 13], "texture": "#2"},
				"down": {"uv": [11, 5, 12, 11], "texture": "#2"}
			}
		},
		{
			"from": [7.5, 6, 0],
			"to": [8.5, 7, 6],
			"faces": {
				"north": {"uv": [7, 9, 8, 10], "texture": "#2"},
				"east": {"uv": [3, 9, 9, 10], "texture": "#2"},
				"south": {"uv": [4, 9, 5, 10], "texture": "#2"},
				"west": {"uv": [9, 9, 3, 10], "texture": "#2"},
				"up": {"uv": [0, 0, 1, 6], "rotation": 180, "texture": "#2"},
				"down": {"uv": [11, 5, 12, 11], "rotation": 180, "texture": "#2"}
			}
		}
	]
}