{
	"parent": "minecraft:block/template_orientable_trapdoor_open",
	"textures": {
		"1": "block/jungle_trapdoor_side",
		"particle": "block/jungle_trapdoor_side",
		"texture": "minecraft:block/jungle_trapdoor"
	},
	"elements": [
		{
			"from": [13, 0, 13],
			"to": [16, 16, 16],
			"faces": {
				"north": {"uv": [16, 16, 13, 0], "texture": "#texture"},
				"east": {"uv": [0, 13, 16, 16], "rotation": 270, "texture": "#1"},
				"south": {"uv": [0, 0, 3, 16], "rotation": 180, "texture": "#texture"},
				"west": {"uv": [0, 13, 16, 16], "rotation": 90, "texture": "#1"},
				"up": {"uv": [0, 13, 3, 16], "rotation": 180, "texture": "#1"},
				"down": {"uv": [13, 13, 16, 16], "texture": "#1"}
			}
		},
		{
			"from": [0, 0, 13],
			"to": [3, 16, 16],
			"faces": {
				"north": {"uv": [3, 16, 0, 0], "texture": "#texture"},
				"east": {"uv": [0, 13, 16, 16], "rotation": 270, "texture": "#1"},
				"south": {"uv": [13, 0, 16, 16], "rotation": 180, "texture": "#texture"},
				"west": {"uv": [0, 13, 16, 16], "rotation": 90, "texture": "#1"},
				"up": {"uv": [13, 13, 16, 16], "rotation": 180, "texture": "#1"},
				"down": {"uv": [0, 13, 3, 16], "texture": "#1"}
			}
		},
		{
			"from": [0, 13, 13],
			"to": [16, 16, 16],
			"faces": {
				"north": {"uv": [16, 16, 0, 13], "texture": "#texture"},
				"east": {"uv": [13, 13, 16, 16], "rotation": 270, "texture": "#1"},
				"south": {"uv": [0, 13, 16, 16], "rotation": 180, "texture": "#texture"},
				"west": {"uv": [0, 13, 3, 16], "rotation": 90, "texture": "#1"},
				"up": {"uv": [0, 13, 16, 16], "rotation": 180, "texture": "#1"},
				"down": {"uv": [0, 13, 16, 16], "texture": "#1"}
			}
		},
		{
			"from": [0, 0, 13],
			"to": [16, 3, 16],
			"faces": {
				"north": {"uv": [16, 3, 0, 0], "texture": "#texture"},
				"east": {"uv": [0, 13, 3, 16], "rotation": 270, "texture": "#1"},
				"south": {"uv": [0, 0, 16, 3], "rotation": 180, "texture": "#texture"},
				"west": {"uv": [13, 13, 16, 16], "rotation": 90, "texture": "#1"},
				"up": {"uv": [0, 13, 16, 16], "rotation": 180, "texture": "#1"},
				"down": {"uv": [0, 13, 16, 16], "texture": "#1"}
			}
		},
		{
			"from": [3, 7, 14],
			"to": [13, 9, 15],
			"faces": {
				"north": {"uv": [13, 9, 3, 7], "texture": "#texture"},
				"east": {"uv": [7, 14, 9, 15], "rotation": 270, "texture": "#1"},
				"south": {"uv": [3, 7, 13, 9], "rotation": 180, "texture": "#texture"},
				"west": {"uv": [7, 14, 9, 15], "rotation": 90, "texture": "#1"},
				"up": {"uv": [3, 14, 13, 15], "rotation": 180, "texture": "#1"},
				"down": {"uv": [3, 14, 13, 15], "texture": "#1"}
			}
		},
		{
			"from": [9, 3, 14],
			"to": [10, 12, 15],
			"faces": {
				"north": {"uv": [6, 12, 7, 3], "texture": "#texture"},
				"east": {"uv": [3, 14, 12, 15], "rotation": 270, "texture": "#1"},
				"south": {"uv": [6, 3, 7, 12], "rotation": 180, "texture": "#texture"},
				"west": {"uv": [4, 14, 13, 15], "rotation": 90, "texture": "#1"},
				"up": {"uv": [6, 14, 7, 15], "rotation": 180, "texture": "#1"},
				"down": {"uv": [9, 14, 10, 15], "texture": "#1"}
			}
		},
		{
			"from": [6, 3, 14],
			"to": [7, 12, 15],
			"faces": {
				"north": {"uv": [9, 12, 10, 3], "texture": "#texture"},
				"east": {"uv": [3, 14, 12, 15], "rotation": 270, "texture": "#1"},
				"south": {"uv": [9, 3, 10, 12], "rotation": 180, "texture": "#texture"},
				"west": {"uv": [4, 14, 13, 15], "rotation": 90, "texture": "#1"},
				"up": {"uv": [9, 14, 10, 15], "rotation": 180, "texture": "#1"},
				"down": {"uv": [6, 14, 7, 15], "texture": "#1"}
			}
		},
		{
			"from": [3, 12, 13],
			"to": [13, 13, 16],
			"faces": {
				"north": {"uv": [3, 13, 13, 12], "texture": "#texture"},
				"east": {"uv": [12, 13, 13, 16], "rotation": 270, "texture": "#1"},
				"south": {"uv": [3, 12, 13, 13], "rotation": 180, "texture": "#texture"},
				"west": {"uv": [3, 13, 4, 16], "rotation": 90, "texture": "#1"},
				"up": {"uv": [3, 13, 13, 16], "rotation": 180, "texture": "#1"},
				"down": {"uv": [3, 13, 13, 16], "texture": "#1"}
			}
		},
		{
			"from": [11, 3, 13],
			"to": [13, 4, 16],
			"faces": {
				"north": {"uv": [3, 3, 5, 4], "texture": "#texture"},
				"east": {"uv": [3, 13, 4, 16], "rotation": 270, "texture": "#1"},
				"south": {"uv": [3, 3, 5, 4], "rotation": 180, "texture": "#texture"},
				"west": {"uv": [12, 13, 13, 16], "rotation": 90, "texture": "#1"},
				"up": {"uv": [3, 13, 5, 16], "rotation": 180, "texture": "#1"},
				"down": {"uv": [11, 13, 13, 16], "texture": "#1"}
			}
		},
		{
			"from": [11, 11, 13],
			"to": [13, 12, 16],
			"faces": {
				"north": {"uv": [13, 12, 11, 11], "texture": "#texture"},
				"east": {"uv": [11, 13, 12, 16], "rotation": 270, "texture": "#1"},
				"south": {"uv": [3, 11, 5, 12], "rotation": 180, "texture": "#texture"},
				"west": {"uv": [4, 13, 5, 16], "rotation": 90, "texture": "#1"},
				"up": {"uv": [3, 13, 5, 16], "rotation": 180, "texture": "#1"},
				"down": {"uv": [11, 13, 13, 16], "texture": "#1"}
			}
		},
		{
			"from": [3, 3, 13],
			"to": [5, 4, 16],
			"faces": {
				"north": {"uv": [5, 3, 3, 4], "texture": "#texture"},
				"east": {"uv": [3, 13, 4, 16], "rotation": 270, "texture": "#1"},
				"south": {"uv": [11, 3, 13, 4], "rotation": 180, "texture": "#texture"},
				"west": {"uv": [12, 13, 13, 16], "rotation": 90, "texture": "#1"},
				"up": {"uv": [11, 13, 13, 16], "rotation": 180, "texture": "#1"},
				"down": {"uv": [3, 13, 5, 16], "texture": "#1"}
			}
		},
		{
			"from": [3, 11, 13],
			"to": [5, 12, 16],
			"faces": {
				"north": {"uv": [5, 12, 3, 11], "texture": "#texture"},
				"east": {"uv": [11, 13, 12, 16], "rotation": 270, "texture": "#1"},
				"south": {"uv": [11, 11, 13, 12], "rotation": 180, "texture": "#texture"},
				"west": {"uv": [4, 13, 5, 16], "rotation": 90, "texture": "#1"},
				"up": {"uv": [11, 13, 13, 16], "rotation": 180, "texture": "#1"},
				"down": {"uv": [3, 13, 5, 16], "texture": "#1"}
			}
		},
		{
			"from": [12, 9, 13],
			"to": [13, 12, 16],
			"faces": {
				"north": {"uv": [12, 12, 13, 9], "texture": "#texture"},
				"east": {"uv": [9, 13, 12, 16], "rotation": 270, "texture": "#1"},
				"south": {"uv": [3, 9, 4, 12], "rotation": 180, "texture": "#texture"},
				"west": {"uv": [4, 13, 7, 16], "rotation": 90, "texture": "#1"},
				"up": {"uv": [3, 13, 4, 16], "rotation": 180, "texture": "#1"},
				"down": {"uv": [12, 13, 13, 16], "texture": "#1"}
			}
		},
		{
			"from": [12, 3, 13],
			"to": [13, 5, 16],
			"faces": {
				"north": {"uv": [3, 5, 4, 3], "texture": "#texture"},
				"east": {"uv": [3, 13, 5, 16], "rotation": 270, "texture": "#1"},
				"south": {"uv": [3, 3, 4, 5], "rotation": 180, "texture": "#texture"},
				"west": {"uv": [11, 13, 13, 16], "rotation": 90, "texture": "#1"},
				"up": {"uv": [3, 13, 4, 16], "rotation": 180, "texture": "#1"},
				"down": {"uv": [12, 13, 13, 16], "texture": "#1"}
			}
		},
		{
			"from": [3, 3, 13],
			"to": [4, 5, 16],
			"faces": {
				"north": {"uv": [4, 5, 3, 3], "texture": "#texture"},
				"east": {"uv": [3, 13, 5, 16], "rotation": 270, "texture": "#1"},
				"south": {"uv": [12, 3, 13, 5], "rotation": 180, "texture": "#texture"},
				"west": {"uv": [11, 13, 13, 16], "rotation": 90, "texture": "#1"},
				"up": {"uv": [12, 13, 13, 16], "rotation": 180, "texture": "#1"},
				"down": {"uv": [3, 13, 4, 16], "texture": "#1"}
			}
		},
		{
			"from": [3, 9, 13],
			"to": [4, 12, 16],
			"faces": {
				"north": {"uv": [3, 12, 4, 9], "texture": "#texture"},
				"east": {"uv": [9, 13, 12, 16], "rotation": 270, "texture": "#1"},
				"south": {"uv": [12, 9, 13, 12], "rotation": 180, "texture": "#texture"},
				"west": {"uv": [4, 13, 7, 16], "rotation": 90, "texture": "#1"},
				"up": {"uv": [12, 13, 13, 16], "rotation": 180, "texture": "#1"},
				"down": {"uv": [3, 13, 4, 16], "texture": "#1"}
			}
		}
	]
}