{
	"ambientocclusion": false,
	"textures": {
		"1": "block/lily_pad_flower",
		"particle": "block/lily_pad1",
		"texture": "block/lily_pad1"
	},
	"elements": [
		{
			"from": [0, 0.25, 0],
			"to": [16, 0.25, 16],
			"faces": {
				"up": {"uv": [0, 0, 16, 16], "texture": "#texture", "tintindex": 0},
				"down": {"uv": [0, 16, 16, 0], "texture": "#texture", "tintindex": 0}
			}
		},
		{
			"from": [6, 0.27, 6],
			"to": [11, 0.27, 11],
			"rotation": {"angle": 0, "axis": "y", "origin": [0, 0, -3]},
			"faces": {
				"north": {"uv": [0, 0, 5, 0], "texture": "#1"},
				"east": {"uv": [0, 0, 5, 0], "texture": "#1"},
				"south": {"uv": [0, 0, 5, 0], "texture": "#1"},
				"west": {"uv": [0, 0, 5, 0], "texture": "#1"},
				"up": {"uv": [8, 11, 13, 16], "texture": "#1"},
				"down": {"uv": [8, 11, 13, 16], "texture": "#1"}
			}
		},
		{
			"from": [7, 0.26, 3],
			"to": [10, 0.26, 7],
			"rotation": {"angle": 0, "axis": "y", "origin": [0, 0, -3]},
			"faces": {
				"north": {"uv": [0, 0, 5, 0], "texture": "#1"},
				"east": {"uv": [0, 0, 5, 0], "texture": "#1"},
				"south": {"uv": [0, 0, 5, 0], "texture": "#1"},
				"west": {"uv": [0, 0, 5, 0], "texture": "#1"},
				"up": {"uv": [6, 0, 9, 4], "texture": "#1"},
				"down": {"uv": [6, 0, 9, 4], "rotation": 180, "texture": "#1"}
			}
		},
		{
			"from": [3, 0.26, 7],
			"to": [7, 0.26, 10],
			"rotation": {"angle": 0, "axis": "y", "origin": [0, 0, -3]},
			"faces": {
				"north": {"uv": [0, 0, 5, 0], "texture": "#1"},
				"east": {"uv": [0, 0, 5, 0], "texture": "#1"},
				"south": {"uv": [0, 0, 5, 0], "texture": "#1"},
				"west": {"uv": [0, 0, 5, 0], "texture": "#1"},
				"up": {"uv": [6, 0, 9, 4], "rotation": 270, "texture": "#1"},
				"down": {"uv": [6, 0, 9, 4], "rotation": 270, "texture": "#1"}
			}
		},
		{
			"from": [7, 0.26, 10],
			"to": [10, 0.26, 14],
			"rotation": {"angle": 0, "axis": "y", "origin": [0, 0, -3]},
			"faces": {
				"north": {"uv": [0, 0, 5, 0], "texture": "#1"},
				"east": {"uv": [0, 0, 5, 0], "texture": "#1"},
				"south": {"uv": [0, 0, 5, 0], "texture": "#1"},
				"west": {"uv": [0, 0, 5, 0], "texture": "#1"},
				"up": {"uv": [6, 0, 9, 4], "rotation": 180, "texture": "#1"},
				"down": {"uv": [6, 0, 9, 4], "texture": "#1"}
			}
		},
		{
			"from": [10, 0.26, 7],
			"to": [14, 0.26, 10],
			"rotation": {"angle": 0, "axis": "y", "origin": [0, 0, -3]},
			"faces": {
				"north": {"uv": [0, 0, 5, 0], "texture": "#1"},
				"east": {"uv": [0, 0, 5, 0], "texture": "#1"},
				"south": {"uv": [0, 0, 5, 0], "texture": "#1"},
				"west": {"uv": [0, 0, 5, 0], "texture": "#1"},
				"up": {"uv": [6, 0, 9, 4], "rotation": 90, "texture": "#1"},
				"down": {"uv": [6, 0, 9, 4], "rotation": 90, "texture": "#1"}
			}
		},
		{
			"from": [-3, 0.26, 6],
			"to": [-1, 0.26, 10],
			"rotation": {"angle": 45, "axis": "y", "origin": [0, 0, -3]},
			"faces": {
				"north": {"uv": [0, 0, 5, 0], "texture": "#1"},
				"east": {"uv": [0, 0, 5, 0], "texture": "#1"},
				"south": {"uv": [0, 0, 5, 0], "texture": "#1"},
				"west": {"uv": [0, 0, 5, 0], "texture": "#1"},
				"up": {"uv": [2, 0, 4, 4], "texture": "#1"},
				"down": {"uv": [2, 0, 4, 4], "rotation": 180, "texture": "#1"}
			}
		},
		{
			"from": [-7, 0.26, 10],
			"to": [-3, 0.26, 12],
			"rotation": {"angle": 45, "axis": "y", "origin": [0, 0, -3]},
			"faces": {
				"north": {"uv": [0, 0, 5, 0], "texture": "#1"},
				"east": {"uv": [0, 0, 5, 0], "texture": "#1"},
				"south": {"uv": [0, 0, 5, 0], "texture": "#1"},
				"west": {"uv": [0, 0, 5, 0], "texture": "#1"},
				"up": {"uv": [2, 0, 4, 4], "rotation": 270, "texture": "#1"},
				"down": {"uv": [2, 0, 4, 4], "rotation": 270, "texture": "#1"}
			}
		},
		{
			"from": [-3, 0.26, 12],
			"to": [-1, 0.26, 16],
			"rotation": {"angle": 45, "axis": "y", "origin": [0, 0, -3]},
			"faces": {
				"north": {"uv": [0, 0, 5, 0], "texture": "#1"},
				"east": {"uv": [0, 0, 5, 0], "texture": "#1"},
				"south": {"uv": [0, 0, 5, 0], "texture": "#1"},
				"west": {"uv": [0, 0, 5, 0], "texture": "#1"},
				"up": {"uv": [2, 0, 4, 4], "rotation": 180, "texture": "#1"},
				"down": {"uv": [2, 0, 4, 4], "texture": "#1"}
			}
		},
		{
			"from": [-1, 0.26, 10],
			"to": [3, 0.26, 12],
			"rotation": {"angle": 45, "axis": "y", "origin": [0, 0, -3]},
			"faces": {
				"north": {"uv": [0, 0, 5, 0], "texture": "#1"},
				"east": {"uv": [0, 0, 5, 0], "texture": "#1"},
				"south": {"uv": [0, 0, 5, 0], "texture": "#1"},
				"west": {"uv": [0, 0, 5, 0], "texture": "#1"},
				"up": {"uv": [2, 0, 4, 4], "rotation": 90, "texture": "#1"},
				"down": {"uv": [2, 0, 4, 4], "rotation": 90, "texture": "#1"}
			}
		},
		{
			"from": [6, 0.27, 11],
			"to": [11, 5.27, 11],
			"rotation": {"angle": 0, "axis": "y", "origin": [0, 0, -3]},
			"faces": {
				"north": {"uv": [3, 11, 8, 16], "texture": "#1"},
				"east": {"uv": [0, 0, 0, 5], "texture": "#1"},
				"south": {"uv": [3, 11, 8, 16], "texture": "#1"},
				"west": {"uv": [0, 0, 0, 5], "texture": "#1"},
				"up": {"uv": [0, 0, 5, 0], "texture": "#1"},
				"down": {"uv": [0, 0, 5, 0], "texture": "#1"}
			}
		},
		{
			"from": [6, 0.27, 6],
			"to": [11, 5.27, 6],
			"rotation": {"angle": 0, "axis": "y", "origin": [0, 0, -3]},
			"faces": {
				"north": {"uv": [3, 11, 8, 16], "texture": "#1"},
				"east": {"uv": [0, 0, 0, 5], "texture": "#1"},
				"south": {"uv": [3, 11, 8, 16], "texture": "#1"},
				"west": {"uv": [0, 0, 0, 5], "texture": "#1"},
				"up": {"uv": [0, 0, 5, 0], "texture": "#1"},
				"down": {"uv": [0, 0, 5, 0], "texture": "#1"}
			}
		},
		{
			"from": [6, 0.27, 6],
			"to": [6, 5.27, 11],
			"rotation": {"angle": 0, "axis": "y", "origin": [0, 0, -3]},
			"faces": {
				"north": {"uv": [0, 0, 0, 5], "texture": "#1"},
				"east": {"uv": [3, 11, 8, 16], "texture": "#1"},
				"south": {"uv": [0, 0, 0, 5], "texture": "#1"},
				"west": {"uv": [3, 11, 8, 16], "texture": "#1"},
				"up": {"uv": [0, 0, 0, 5], "texture": "#1"},
				"down": {"uv": [0, 0, 0, 5], "texture": "#1"}
			}
		},
		{
			"from": [11, 0.27, 6],
			"to": [11, 5.27, 11],
			"rotation": {"angle": 0, "axis": "y", "origin": [0, 0, -3]},
			"faces": {
				"north": {"uv": [0, 0, 0, 5], "texture": "#1"},
				"east": {"uv": [3, 11, 8, 16], "texture": "#1"},
				"south": {"uv": [0, 0, 0, 5], "texture": "#1"},
				"west": {"uv": [3, 11, 8, 16], "texture": "#1"},
				"up": {"uv": [0, 0, 0, 5], "texture": "#1"},
				"down": {"uv": [0, 0, 0, 5], "texture": "#1"}
			}
		},
		{
			"from": [7, 0.28, 7],
			"to": [10, 0.28, 10],
			"rotation": {"angle": 0, "axis": "y", "origin": [0, 0, -2]},
			"faces": {
				"north": {"uv": [0, 0, 3, 0], "texture": "#1"},
				"east": {"uv": [0, 0, 3, 0], "texture": "#1"},
				"south": {"uv": [0, 0, 3, 0], "texture": "#1"},
				"west": {"uv": [0, 0, 3, 0], "texture": "#1"},
				"up": {"uv": [10, 6, 13, 9], "texture": "#1"},
				"down": {"uv": [10, 6, 13, 9], "texture": "#1"}
			}
		},
		{
			"from": [7, 0.28, 7],
			"to": [7, 3.28, 10],
			"rotation": {"angle": 0, "axis": "y", "origin": [0, 0, -2]},
			"faces": {
				"north": {"uv": [0, 0, 0, 3], "texture": "#1"},
				"east": {"uv": [7, 8, 10, 11], "texture": "#1"},
				"south": {"uv": [0, 0, 0, 3], "texture": "#1"},
				"west": {"uv": [7, 8, 10, 11], "texture": "#1"},
				"up": {"uv": [0, 0, 0, 3], "texture": "#1"},
				"down": {"uv": [0, 0, 0, 3], "texture": "#1"}
			}
		},
		{
			"from": [10, 0.28, 7],
			"to": [10, 3.28, 10],
			"rotation": {"angle": 0, "axis": "y", "origin": [0, 0, -2]},
			"faces": {
				"north": {"uv": [0, 0, 0, 3], "texture": "#1"},
				"east": {"uv": [7, 8, 10, 11], "texture": "#1"},
				"south": {"uv": [0, 0, 0, 3], "texture": "#1"},
				"west": {"uv": [7, 8, 10, 11], "texture": "#1"},
				"up": {"uv": [0, 0, 0, 3], "texture": "#1"},
				"down": {"uv": [0, 0, 0, 3], "texture": "#1"}
			}
		},
		{
			"from": [7, 0.28, 7],
			"to": [10, 3.28, 7],
			"rotation": {"angle": 0, "axis": "y", "origin": [0, 0, -2]},
			"faces": {
				"north": {"uv": [4, 8, 7, 11], "texture": "#1"},
				"east": {"uv": [0, 0, 0, 3], "texture": "#1"},
				"south": {"uv": [4, 8, 7, 11], "texture": "#1"},
				"west": {"uv": [0, 0, 0, 3], "texture": "#1"},
				"up": {"uv": [0, 0, 3, 0], "texture": "#1"},
				"down": {"uv": [0, 0, 3, 0], "texture": "#1"}
			}
		},
		{
			"from": [7, 0.28, 10],
			"to": [10, 3.28, 10],
			"rotation": {"angle": 0, "axis": "y", "origin": [0, 0, -2]},
			"faces": {
				"north": {"uv": [4, 8, 7, 11], "texture": "#1"},
				"east": {"uv": [0, 0, 0, 3], "texture": "#1"},
				"south": {"uv": [4, 8, 7, 11], "texture": "#1"},
				"west": {"uv": [0, 0, 0, 3], "texture": "#1"},
				"up": {"uv": [0, 0, 3, 0], "texture": "#1"},
				"down": {"uv": [0, 0, 3, 0], "texture": "#1"}
			}
		}
	]
}