{
	"ambientocclusion": false,
	"textures": {
		"1": "block/lily_pad_flower",
		"particle": "block/lily_pad",
		"texture": "block/lily_pad"
	},
	"elements": [
		{
			"from": [0, 0.25, 0],
			"to": [16, 0.25, 16],
			"faces": {
				"up": {"uv": [0, 0, 16, 16], "texture": "#texture", "tintindex": 0},
				"down": {"uv": [0, 16, 16, 0], "texture": "#texture", "tintindex": 0}
			}
		},
		{
			"from": [5, 0.27, 7],
			"to": [10, 0.27, 12],
			"rotation": {"angle": 0, "axis": "y", "origin": [-1, 0, -2]},
			"faces": {
				"north": {"uv": [0, 0, 5, 0], "texture": "#1"},
				"east": {"uv": [0, 0, 5, 0], "texture": "#1"},
				"south": {"uv": [0, 0, 5, 0], "texture": "#1"},
				"west": {"uv": [0, 0, 5, 0], "texture": "#1"},
				"up": {"uv": [8, 11, 13, 16], "texture": "#1"},
				"down": {"uv": [8, 11, 13, 16], "texture": "#1"}
			}
		},
		{
			"from": [6, 0.26, 4],
			"to": [9, 0.26, 8],
			"rotation": {"angle": 0, "axis": "y", "origin": [-1, 0, -2]},
			"faces": {
				"north": {"uv": [0, 0, 5, 0], "texture": "#1"},
				"east": {"uv": [0, 0, 5, 0], "texture": "#1"},
				"south": {"uv": [0, 0, 5, 0], "texture": "#1"},
				"west": {"uv": [0, 0, 5, 0], "texture": "#1"},
				"up": {"uv": [6, 0, 9, 4], "texture": "#1"},
				"down": {"uv": [6, 0, 9, 4], "rotation": 180, "texture": "#1"}
			}
		},
		{
			"from": [2, 0.26, 8],
			"to": [6, 0.26, 11],
			"rotation": {"angle": 0, "axis": "y", "origin": [-1, 0, -2]},
			"faces": {
				"north": {"uv": [0, 0, 5, 0], "texture": "#1"},
				"east": {"uv": [0, 0, 5, 0], "texture": "#1"},
				"south": {"uv": [0, 0, 5, 0], "texture": "#1"},
				"west": {"uv": [0, 0, 5, 0], "texture": "#1"},
				"up": {"uv": [6, 0, 9, 4], "rotation": 270, "texture": "#1"},
				"down": {"uv": [6, 0, 9, 4], "rotation": 270, "texture": "#1"}
			}
		},
		{
			"from": [6, 0.26, 11],
			"to": [9, 0.26, 15],
			"rotation": {"angle": 0, "axis": "y", "origin": [-1, 0, -2]},
			"faces": {
				"north": {"uv": [0, 0, 5, 0], "texture": "#1"},
				"east": {"uv": [0, 0, 5, 0], "texture": "#1"},
				"south": {"uv": [0, 0, 5, 0], "texture": "#1"},
				"west": {"uv": [0, 0, 5, 0], "texture": "#1"},
				"up": {"uv": [6, 0, 9, 4], "rotation": 180, "texture": "#1"},
				"down": {"uv": [6, 0, 9, 4], "texture": "#1"}
			}
		},
		{
			"from": [9, 0.26, 8],
			"to": [13, 0.26, 11],
			"rotation": {"angle": 0, "axis": "y", "origin": [-1, 0, -2]},
			"faces": {
				"north": {"uv": [0, 0, 5, 0], "texture": "#1"},
				"east": {"uv": [0, 0, 5, 0], "texture": "#1"},
				"south": {"uv": [0, 0, 5, 0], "texture": "#1"},
				"west": {"uv": [0, 0, 5, 0], "texture": "#1"},
				"up": {"uv": [6, 0, 9, 4], "rotation": 90, "texture": "#1"},
				"down": {"uv": [6, 0, 9, 4], "rotation": 90, "texture": "#1"}
			}
		},
		{
			"from": [-4, 0.26, 7],
			"to": [-2, 0.26, 11],
			"rotation": {"angle": 45, "axis": "y", "origin": [-1, 0, -2]},
			"faces": {
				"north": {"uv": [0, 0, 5, 0], "texture": "#1"},
				"east": {"uv": [0, 0, 5, 0], "texture": "#1"},
				"south": {"uv": [0, 0, 5, 0], "texture": "#1"},
				"west": {"uv": [0, 0, 5, 0], "texture": "#1"},
				"up": {"uv": [2, 0, 4, 4], "texture": "#1"},
				"down": {"uv": [2, 0, 4, 4], "rotation": 180, "texture": "#1"}
			}
		},
		{
			"from": [-8, 0.26, 11],
			"to": [-4, 0.26, 13],
			"rotation": {"angle": 45, "axis": "y", "origin": [-1, 0, -2]},
			"faces": {
				"north": {"uv": [0, 0, 5, 0], "texture": "#1"},
				"east": {"uv": [0, 0, 5, 0], "texture": "#1"},
				"south": {"uv": [0, 0, 5, 0], "texture": "#1"},
				"west": {"uv": [0, 0, 5, 0], "texture": "#1"},
				"up": {"uv": [2, 0, 4, 4], "rotation": 270, "texture": "#1"},
				"down": {"uv": [2, 0, 4, 4], "rotation": 270, "texture": "#1"}
			}
		},
		{
			"from": [-4, 0.26, 13],
			"to": [-2, 0.26, 17],
			"rotation": {"angle": 45, "axis": "y", "origin": [-1, 0, -2]},
			"faces": {
				"north": {"uv": [0, 0, 5, 0], "texture": "#1"},
				"east": {"uv": [0, 0, 5, 0], "texture": "#1"},
				"south": {"uv": [0, 0, 5, 0], "texture": "#1"},
				"west": {"uv": [0, 0, 5, 0], "texture": "#1"},
				"up": {"uv": [2, 0, 4, 4], "rotation": 180, "texture": "#1"},
				"down": {"uv": [2, 0, 4, 4], "texture": "#1"}
			}
		},
		{
			"from": [-2, 0.26, 11],
			"to": [2, 0.26, 13],
			"rotation": {"angle": 45, "axis": "y", "origin": [-1, 0, -2]},
			"faces": {
				"north": {"uv": [0, 0, 5, 0], "texture": "#1"},
				"east": {"uv": [0, 0, 5, 0], "texture": "#1"},
				"south": {"uv": [0, 0, 5, 0], "texture": "#1"},
				"west": {"uv": [0, 0, 5, 0], "texture": "#1"},
				"up": {"uv": [2, 0, 4, 4], "rotation": 90, "texture": "#1"},
				"down": {"uv": [2, 0, 4, 4], "rotation": 90, "texture": "#1"}
			}
		},
		{
			"from": [5, 0.27, 12],
			"to": [10, 5.27, 12],
			"rotation": {"angle": 0, "axis": "y", "origin": [-1, 0, -2]},
			"faces": {
				"north": {"uv": [3, 11, 8, 16], "texture": "#1"},
				"east": {"uv": [0, 0, 0, 5], "texture": "#1"},
				"south": {"uv": [3, 11, 8, 16], "texture": "#1"},
				"west": {"uv": [0, 0, 0, 5], "texture": "#1"},
				"up": {"uv": [0, 0, 5, 0], "texture": "#1"},
				"down": {"uv": [0, 0, 5, 0], "texture": "#1"}
			}
		},
		{
			"from": [5, 0.27, 7],
			"to": [10, 5.27, 7],
			"rotation": {"angle": 0, "axis": "y", "origin": [-1, 0, -2]},
			"faces": {
				"north": {"uv": [3, 11, 8, 16], "texture": "#1"},
				"east": {"uv": [0, 0, 0, 5], "texture": "#1"},
				"south": {"uv": [3, 11, 8, 16], "texture": "#1"},
				"west": {"uv": [0, 0, 0, 5], "texture": "#1"},
				"up": {"uv": [0, 0, 5, 0], "texture": "#1"},
				"down": {"uv": [0, 0, 5, 0], "texture": "#1"}
			}
		},
		{
			"from": [5, 0.27, 7],
			"to": [5, 5.27, 12],
			"rotation": {"angle": 0, "axis": "y", "origin": [-1, 0, -2]},
			"faces": {
				"north": {"uv": [0, 0, 0, 5], "texture": "#1"},
				"east": {"uv": [3, 11, 8, 16], "texture": "#1"},
				"south": {"uv": [0, 0, 0, 5], "texture": "#1"},
				"west": {"uv": [3, 11, 8, 16], "texture": "#1"},
				"up": {"uv": [0, 0, 0, 5], "texture": "#1"},
				"down": {"uv": [0, 0, 0, 5], "texture": "#1"}
			}
		},
		{
			"from": [10, 0.27, 7],
			"to": [10, 5.27, 12],
			"rotation": {"angle": 0, "axis": "y", "origin": [-1, 0, -2]},
			"faces": {
				"north": {"uv": [0, 0, 0, 5], "texture": "#1"},
				"east": {"uv": [3, 11, 8, 16], "texture": "#1"},
				"south": {"uv": [0, 0, 0, 5], "texture": "#1"},
				"west": {"uv": [3, 11, 8, 16], "texture": "#1"},
				"up": {"uv": [0, 0, 0, 5], "texture": "#1"},
				"down": {"uv": [0, 0, 0, 5], "texture": "#1"}
			}
		},
		{
			"from": [6, 0.28, 8],
			"to": [9, 0.28, 11],
			"rotation": {"angle": 0, "axis": "y", "origin": [-1, 0, -1]},
			"faces": {
				"north": {"uv": [0, 0, 3, 0], "texture": "#1"},
				"east": {"uv": [0, 0, 3, 0], "texture": "#1"},
				"south": {"uv": [0, 0, 3, 0], "texture": "#1"},
				"west": {"uv": [0, 0, 3, 0], "texture": "#1"},
				"up": {"uv": [10, 6, 13, 9], "texture": "#1"},
				"down": {"uv": [10, 6, 13, 9], "texture": "#1"}
			}
		},
		{
			"from": [6, 0.28, 8],
			"to": [6, 3.28, 11],
			"rotation": {"angle": 0, "axis": "y", "origin": [-1, 0, -1]},
			"faces": {
				"north": {"uv": [0, 0, 0, 3], "texture": "#1"},
				"east": {"uv": [7, 8, 10, 11], "texture": "#1"},
				"south": {"uv": [0, 0, 0, 3], "texture": "#1"},
				"west": {"uv": [7, 8, 10, 11], "texture": "#1"},
				"up": {"uv": [0, 0, 0, 3], "texture": "#1"},
				"down": {"uv": [0, 0, 0, 3], "texture": "#1"}
			}
		},
		{
			"from": [9, 0.28, 8],
			"to": [9, 3.28, 11],
			"rotation": {"angle": 0, "axis": "y", "origin": [-1, 0, -1]},
			"faces": {
				"north": {"uv": [0, 0, 0, 3], "texture": "#1"},
				"east": {"uv": [7, 8, 10, 11], "texture": "#1"},
				"south": {"uv": [0, 0, 0, 3], "texture": "#1"},
				"west": {"uv": [7, 8, 10, 11], "texture": "#1"},
				"up": {"uv": [0, 0, 0, 3], "texture": "#1"},
				"down": {"uv": [0, 0, 0, 3], "texture": "#1"}
			}
		},
		{
			"from": [6, 0.28, 8],
			"to": [9, 3.28, 8],
			"rotation": {"angle": 0, "axis": "y", "origin": [-1, 0, -1]},
			"faces": {
				"north": {"uv": [4, 8, 7, 11], "texture": "#1"},
				"east": {"uv": [0, 0, 0, 3], "texture": "#1"},
				"south": {"uv": [4, 8, 7, 11], "texture": "#1"},
				"west": {"uv": [0, 0, 0, 3], "texture": "#1"},
				"up": {"uv": [0, 0, 3, 0], "texture": "#1"},
				"down": {"uv": [0, 0, 3, 0], "texture": "#1"}
			}
		},
		{
			"from": [6, 0.28, 11],
			"to": [9, 3.28, 11],
			"rotation": {"angle": 0, "axis": "y", "origin": [-1, 0, -1]},
			"faces": {
				"north": {"uv": [4, 8, 7, 11], "texture": "#1"},
				"east": {"uv": [0, 0, 0, 3], "texture": "#1"},
				"south": {"uv": [4, 8, 7, 11], "texture": "#1"},
				"west": {"uv": [0, 0, 0, 3], "texture": "#1"},
				"up": {"uv": [0, 0, 3, 0], "texture": "#1"},
				"down": {"uv": [0, 0, 3, 0], "texture": "#1"}
			}
		}
	]
}