{
	"parent": "minecraft:block/template_orientable_trapdoor_open",
	"textures": {
		"0": "minecraft:block/mangrove_trapdoor",
		"1": "block/mangrove_trapdoor_side",
		"particle": "minecraft:block/mangrove_trapdoor"
	},
	"elements": [
		{
			"from": [0, 0, 13],
			"to": [5, 16, 16],
			"faces": {
				"north": {"uv": [0, 0, 5, 16], "rotation": 180, "texture": "#0"},
				"east": {"uv": [0, 13, 16, 16], "rotation": 270, "texture": "#1"},
				"south": {"uv": [11, 0, 16, 16], "rotation": 180, "texture": "#0"},
				"west": {"uv": [0, 13, 16, 16], "rotation": 90, "texture": "#1"},
				"up": {"uv": [11, 13, 16, 16], "rotation": 180, "texture": "#1"},
				"down": {"uv": [0, 13, 5, 16], "texture": "#1"}
			}
		},
		{
			"from": [0, 11, 13],
			"to": [16, 16, 16],
			"faces": {
				"north": {"uv": [0, 11, 16, 16], "rotation": 180, "texture": "#0"},
				"east": {"uv": [11, 13, 16, 16], "rotation": 270, "texture": "#1"},
				"south": {"uv": [0, 11, 16, 16], "rotation": 180, "texture": "#0"},
				"west": {"uv": [0, 13, 5, 16], "rotation": 90, "texture": "#1"},
				"up": {"uv": [0, 13, 16, 16], "rotation": 180, "texture": "#1"},
				"down": {"uv": [0, 13, 16, 16], "texture": "#1"}
			}
		},
		{
			"from": [11, 0, 13],
			"to": [16, 16, 16],
			"faces": {
				"north": {"uv": [11, 0, 16, 16], "rotation": 180, "texture": "#0"},
				"east": {"uv": [0, 13, 16, 16], "rotation": 270, "texture": "#1"},
				"south": {"uv": [0, 0, 5, 16], "rotation": 180, "texture": "#0"},
				"west": {"uv": [0, 13, 16, 16], "rotation": 90, "texture": "#1"},
				"up": {"uv": [0, 13, 5, 16], "rotation": 180, "texture": "#1"},
				"down": {"uv": [11, 13, 16, 16], "texture": "#1"}
			}
		},
		{
			"from": [0, 0, 13],
			"to": [16, 5, 16],
			"faces": {
				"north": {"uv": [0, 0, 16, 5], "rotation": 180, "texture": "#0"},
				"east": {"uv": [0, 13, 5, 16], "rotation": 270, "texture": "#1"},
				"south": {"uv": [0, 0, 16, 5], "rotation": 180, "texture": "#0"},
				"west": {"uv": [11, 13, 16, 16], "rotation": 90, "texture": "#1"},
				"up": {"uv": [0, 13, 16, 16], "rotation": 180, "texture": "#1"},
				"down": {"uv": [0, 13, 16, 16], "texture": "#1"}
			}
		},
		{
			"from": [5, 10, 13],
			"to": [6, 11, 16],
			"faces": {
				"north": {"uv": [5, 10, 6, 11], "rotation": 180, "texture": "#0"},
				"east": {"uv": [10, 13, 11, 16], "rotation": 270, "texture": "#1"},
				"south": {"uv": [10, 10, 11, 11], "texture": "#0"},
				"west": {"uv": [5, 13, 6, 16], "rotation": 90, "texture": "#1"},
				"up": {"uv": [10, 13, 11, 16], "rotation": 180, "texture": "#1"},
				"down": {"uv": [5, 13, 6, 16], "texture": "#1"}
			}
		},
		{
			"from": [5, 5, 13],
			"to": [6, 6, 16],
			"faces": {
				"north": {"uv": [5, 5, 6, 6], "rotation": 180, "texture": "#0"},
				"east": {"uv": [5, 13, 6, 16], "rotation": 270, "texture": "#1"},
				"south": {"uv": [10, 5, 11, 6], "texture": "#0"},
				"west": {"uv": [10, 13, 11, 16], "rotation": 90, "texture": "#1"},
				"up": {"uv": [10, 13, 11, 16], "rotation": 180, "texture": "#1"},
				"down": {"uv": [5, 13, 6, 16], "texture": "#1"}
			}
		},
		{
			"from": [10, 10, 13],
			"to": [11, 11, 16],
			"faces": {
				"north": {"uv": [10, 10, 11, 11], "rotation": 180, "texture": "#0"},
				"east": {"uv": [10, 13, 11, 16], "rotation": 270, "texture": "#1"},
				"south": {"uv": [5, 10, 6, 11], "texture": "#0"},
				"west": {"uv": [5, 13, 6, 16], "rotation": 90, "texture": "#1"},
				"up": {"uv": [5, 13, 6, 16], "rotation": 180, "texture": "#1"},
				"down": {"uv": [10, 13, 11, 16], "texture": "#1"}
			}
		},
		{
			"from": [10, 5, 13],
			"to": [11, 6, 16],
			"faces": {
				"north": {"uv": [10, 5, 11, 6], "rotation": 180, "texture": "#0"},
				"east": {"uv": [5, 13, 6, 16], "rotation": 270, "texture": "#1"},
				"south": {"uv": [5, 5, 6, 6], "texture": "#0"},
				"west": {"uv": [10, 13, 11, 16], "rotation": 90, "texture": "#1"},
				"up": {"uv": [5, 13, 6, 16], "rotation": 180, "texture": "#1"},
				"down": {"uv": [10, 13, 11, 16], "texture": "#1"}
			}
		}
	]
}