{
	"parent": "minecraft:block/fence_side",
	"textures": {
		"1": "minecraft:block/mangrove_planks",
		"2": "minecraft:block/mangrove_fence_top",
		"particle": "minecraft:block/mangrove_planks",
		"texture": "minecraft:block/mangrove_planks_double_slab_side"
	},
	"elements": [
		{
			"from": [7, 2, 0],
			"to": [9, 4, 6],
			"faces": {
				"north": {"uv": [7, 12, 9, 14], "texture": "#1"},
				"east": {"uv": [10, 12, 16, 14], "texture": "#1"},
				"south": {"uv": [7, 12, 9, 14], "texture": "#1"},
				"west": {"uv": [0, 12, 6, 14], "texture": "#1"},
				"up": {"uv": [7, 0, 9, 6], "texture": "#2"},
				"down": {"uv": [7, 10, 9, 16], "texture": "#2"}
			}
		},
		{
			"from": [7, 12, 0],
			"to": [9, 14, 6],
			"faces": {
				"north": {"uv": [7, 2, 9, 4], "texture": "#1"},
				"east": {"uv": [10, 2, 16, 4], "texture": "#1"},
				"south": {"uv": [7, 2, 9, 4], "texture": "#1"},
				"west": {"uv": [0, 2, 6, 4], "texture": "#1"},
				"up": {"uv": [7, 0, 9, 6], "texture": "#2"},
				"down": {"uv": [7, 10, 9, 16], "texture": "#2"}
			}
		},
		{
			"from": [7.5, 4, 2],
			"to": [8.5, 8, 3],
			"faces": {
				"north": {"uv": [7, 8, 8, 12], "texture": "#texture"},
				"east": {"uv": [13, 8, 14, 12], "texture": "#texture"},
				"south": {"uv": [8, 8, 9, 12], "texture": "#texture"},
				"west": {"uv": [2, 8, 3, 12], "texture": "#texture"},
				"up": {"uv": [0, 0, 1, 1], "texture": "#missing"},
				"down": {"uv": [8, 11, 9, 12], "texture": "#texture"}
			}
		},
		{
			"from": [7.5, 8, 0],
			"to": [8.5, 12, 1],
			"faces": {
				"north": {"uv": [7, 4, 8, 8], "texture": "#texture"},
				"east": {"uv": [15, 4, 16, 8], "texture": "#texture"},
				"south": {"uv": [8, 4, 9, 8], "texture": "#texture"},
				"west": {"uv": [0, 4, 1, 8], "texture": "#texture"},
				"up": {"uv": [7, 6, 8, 7], "texture": "#texture"},
				"down": {"uv": [8, 13, 9, 14], "texture": "#texture"}
			}
		},
		{
			"from": [7.5, 8, 4],
			"to": [8.5, 12, 5],
			"faces": {
				"north": {"uv": [7, 4, 8, 8], "texture": "#texture"},
				"east": {"uv": [11, 4, 12, 8], "texture": "#texture"},
				"south": {"uv": [8, 4, 9, 8], "texture": "#texture"},
				"west": {"uv": [4, 4, 5, 8], "texture": "#texture"},
				"up": {"uv": [7, 2, 8, 3], "texture": "#texture"},
				"down": {"uv": [8, 13, 9, 14], "texture": "#texture"}
			}
		},
		{
			"from": [7.5, 8, 0],
			"to": [8.5, 9, 6],
			"faces": {
				"north": {"uv": [7, 7, 8, 8], "texture": "#texture"},
				"east": {"uv": [10, 7, 16, 8], "texture": "#texture"},
				"south": {"uv": [8, 8, 9, 9], "texture": "#texture"},
				"west": {"uv": [0, 7, 6, 8], "texture": "#texture"},
				"up": {"uv": [7, 2, 8, 8], "texture": "#texture"},
				"down": {"uv": [8, 8, 9, 14], "texture": "#texture"}
			}
		}
	]
}