{
	"parent": "minecraft:block/fence_side",
	"textures": {
		"particle": "minecraft:block/nether_bricks",
		"texture": "minecraft:block/nether_bricks"
	},
	"elements": [
		{
			"from": [7.5, 3.5, 0],
			"to": [8.5, 5.5, 6],
			"faces": {
				"north": {"uv": [7, 10, 8, 12], "texture": "#texture"},
				"east": {"uv": [2, 10, 8, 12], "texture": "#texture"},
				"south": {"uv": [8, 10, 9, 12], "texture": "#texture"},
				"west": {"uv": [8, 10, 14, 12], "texture": "#texture"},
				"up": {"uv": [7, 0, 8, 9], "texture": "#texture"},
				"down": {"uv": [8, 7, 9, 16], "texture": "#texture"}
			}
		},
		{
			"from": [7.5, 13, 0],
			"to": [8.5, 14, 6],
			"faces": {
				"north": {"uv": [7, 11, 8, 12], "texture": "#texture"},
				"east": {"uv": [2, 11, 8, 12], "texture": "#texture"},
				"south": {"uv": [8, 11, 9, 12], "texture": "#texture"},
				"west": {"uv": [8, 11, 14, 12], "texture": "#texture"},
				"up": {"uv": [7, 0, 8, 9], "texture": "#texture"},
				"down": {"uv": [8, 7, 9, 16], "texture": "#texture"}
			}
		},
		{
			"from": [7, 3, 2],
			"to": [9, 6, 6],
			"faces": {
				"north": {"uv": [7, 10, 9, 13], "texture": "#texture"},
				"east": {"uv": [4, 10, 8, 13], "texture": "#texture"},
				"south": {"uv": [7, 10, 9, 13], "texture": "#texture"},
				"west": {"uv": [8, 10, 12, 13], "texture": "#texture"},
				"up": {"uv": [7, 0, 9, 4], "texture": "#texture"},
				"down": {"uv": [7, 12, 9, 16], "texture": "#texture"}
			}
		},
		{
			"from": [7, 12, 1],
			"to": [9, 15, 6],
			"faces": {
				"north": {"uv": [7, 1, 9, 4], "texture": "#texture"},
				"east": {"uv": [3, 1, 8, 4], "texture": "#texture"},
				"south": {"uv": [7, 1, 9, 4], "texture": "#texture"},
				"west": {"uv": [8, 1, 13, 4], "texture": "#texture"},
				"up": {"uv": [7, 0, 9, 5], "texture": "#texture"},
				"down": {"uv": [7, 11, 9, 16], "texture": "#texture"}
			}
		},
		{
			"from": [7, 3, 0],
			"to": [9, 6, 1],
			"faces": {
				"north": {"uv": [7, 1, 9, 4], "texture": "#texture"},
				"east": {"uv": [7, 1, 8, 4], "texture": "#texture"},
				"south": {"uv": [7, 1, 9, 4], "texture": "#texture"},
				"west": {"uv": [8, 1, 9, 4], "texture": "#texture"},
				"up": {"uv": [7, 0, 9, 1], "texture": "#texture"},
				"down": {"uv": [7, 15, 9, 16], "texture": "#texture"}
			}
		}
	]
}