{
	"parent": "minecraft:block/fence_post",
	"textures": {
		"particle": "minecraft:block/nether_bricks",
		"texture": "minecraft:block/nether_bricks"
	},
	"elements": [
		{
			"from": [7, 0, 7],
			"to": [9, 15, 9],
			"faces": {
				"north": {"uv": [7, 16, 9, 1], "rotation": 180, "texture": "#texture"},
				"east": {"uv": [7, 16, 9, 1], "rotation": 180, "texture": "#texture"},
				"south": {"uv": [7, 16, 9, 1], "rotation": 180, "texture": "#texture"},
				"west": {"uv": [7, 16, 9, 1], "rotation": 180, "texture": "#texture"},
				"up": {"uv": [7, 8, 9, 10], "texture": "#texture"},
				"down": {"uv": [7, 8, 9, 10], "rotation": 180, "texture": "#texture"}
			}
		},
		{
			"from": [6, 15, 6],
			"to": [10, 16, 10],
			"faces": {
				"north": {"uv": [6, 0, 10, 1], "texture": "#texture"},
				"east": {"uv": [6, 0, 10, 1], "texture": "#texture"},
				"south": {"uv": [6, 0, 10, 1], "texture": "#texture"},
				"west": {"uv": [6, 0, 10, 1], "texture": "#texture"},
				"up": {"uv": [6, 6, 10, 10], "texture": "#texture"},
				"down": {"uv": [6, 6, 10, 10], "texture": "#texture"}
			}
		},
		{
			"from": [6, 0, 6],
			"to": [10, 4, 10],
			"faces": {
				"north": {"uv": [6, 12, 10, 16], "texture": "#texture"},
				"east": {"uv": [6, 12, 10, 16], "texture": "#texture"},
				"south": {"uv": [6, 12, 10, 16], "texture": "#texture"},
				"west": {"uv": [6, 12, 10, 16], "texture": "#texture"},
				"up": {"uv": [6, 6, 10, 10], "texture": "#texture"},
				"down": {"uv": [6, 6, 10, 10], "texture": "#texture"}
			}
		},
		{
			"from": [6, 5, 6],
			"to": [10, 9, 10],
			"faces": {
				"north": {"uv": [6, 4, 10, 8], "texture": "#texture"},
				"east": {"uv": [6, 4, 10, 8], "texture": "#texture"},
				"south": {"uv": [6, 4, 10, 8], "texture": "#texture"},
				"west": {"uv": [6, 4, 10, 8], "texture": "#texture"},
				"up": {"uv": [6, 6, 10, 10], "texture": "#texture"},
				"down": {"uv": [6, 6, 10, 10], "texture": "#texture"}
			}
		},
		{
			"from": [6, 10, 6],
			"to": [10, 14, 10],
			"faces": {
				"north": {"uv": [6, 0, 10, 4], "texture": "#texture"},
				"east": {"uv": [6, 0, 10, 4], "texture": "#texture"},
				"south": {"uv": [6, 0, 10, 4], "texture": "#texture"},
				"west": {"uv": [6, 0, 10, 4], "texture": "#texture"},
				"up": {"uv": [6, 6, 10, 10], "texture": "#texture"},
				"down": {"uv": [6, 6, 10, 10], "texture": "#texture"}
			}
		}
	]
}