{
	"parent": "minecraft:block/fence_side",
	"textures": {
		"1": "minecraft:block/oak_fence_top",
		"particle": "minecraft:block/oak_planks",
		"texture": "minecraft:block/oak_planks"
	},
	"elements": [
		{
			"from": [7, 12, 0],
			"to": [9, 15, 6],
			"faces": {
				"north": {"uv": [7, 1, 9, 4], "texture": "#texture", "cullface": "north"},
				"east": {"uv": [2, 1, 8, 4], "texture": "#texture"},
				"south": {"uv": [7, 1, 9, 4], "texture": "#texture"},
				"west": {"uv": [8, 1, 14, 4], "texture": "#texture"},
				"up": {"uv": [7, 0, 9, 6], "texture": "#1"},
				"down": {"uv": [7, 10, 9, 16], "texture": "#1"}
			}
		},
		{
			"from": [7, 6, 0],
			"to": [9, 9, 6],
			"faces": {
				"north": {"uv": [7, 7, 9, 10], "texture": "#texture", "cullface": "north"},
				"east": {"uv": [2, 7, 8, 10], "texture": "#texture"},
				"south": {"uv": [7, 7, 9, 10], "texture": "#texture"},
				"west": {"uv": [8, 7, 14, 10], "texture": "#texture"},
				"up": {"uv": [7, 0, 9, 6], "texture": "#1"},
				"down": {"uv": [7, 10, 9, 16], "texture": "#1"}
			}
		}
	]
}