{
	"parent": "minecraft:block/template_orientable_trapdoor_bottom",
	"textures": {
		"1": "block/oak_trapdoor_side",
		"particle": "block/oak_trapdoor_side",
		"texture": "minecraft:block/oak_trapdoor"
	},
	"elements": [
		{
			"from": [13, 0, 0],
			"to": [16, 3, 16],
			"faces": {
				"north": {"uv": [0, 13, 3, 16], "texture": "#1"},
				"east": {"uv": [0, 13, 16, 16], "texture": "#1"},
				"south": {"uv": [13, 13, 16, 16], "texture": "#1"},
				"west": {"uv": [0, 13, 16, 16], "texture": "#1"},
				"up": {"uv": [0, 0, 3, 16], "rotation": 180, "texture": "#texture"},
				"down": {"uv": [16, 16, 13, 0], "rotation": 180, "texture": "#texture"}
			}
		},
		{
			"from": [0, 0, 0],
			"to": [3, 3, 16],
			"faces": {
				"north": {"uv": [13, 13, 16, 16], "texture": "#1"},
				"east": {"uv": [0, 13, 16, 16], "texture": "#1"},
				"south": {"uv": [0, 13, 3, 16], "texture": "#1"},
				"west": {"uv": [0, 13, 16, 16], "texture": "#1"},
				"up": {"uv": [13, 0, 16, 16], "rotation": 180, "texture": "#texture"},
				"down": {"uv": [3, 16, 0, 0], "rotation": 180, "texture": "#texture"}
			}
		},
		{
			"from": [0, 0, 0],
			"to": [16, 3, 3],
			"faces": {
				"north": {"uv": [0, 13, 16, 16], "texture": "#1"},
				"east": {"uv": [13, 13, 16, 16], "texture": "#1"},
				"south": {"uv": [0, 13, 16, 16], "texture": "#1"},
				"west": {"uv": [0, 13, 3, 16], "texture": "#1"},
				"up": {"uv": [0, 13, 16, 16], "rotation": 180, "texture": "#texture"},
				"down": {"uv": [16, 16, 0, 13], "rotation": 180, "texture": "#texture"}
			}
		},
		{
			"from": [0, 0, 13],
			"to": [16, 3, 16],
			"faces": {
				"north": {"uv": [0, 13, 16, 16], "texture": "#1"},
				"east": {"uv": [0, 13, 3, 16], "texture": "#1"},
				"south": {"uv": [0, 13, 16, 16], "texture": "#1"},
				"west": {"uv": [13, 13, 16, 16], "texture": "#1"},
				"up": {"uv": [0, 0, 16, 3], "rotation": 180, "texture": "#texture"},
				"down": {"uv": [16, 3, 0, 0], "rotation": 180, "texture": "#texture"}
			}
		},
		{
			"from": [3, 0, 6],
			"to": [13, 3, 10],
			"faces": {
				"north": {"uv": [3, 13, 13, 16], "texture": "#1"},
				"east": {"uv": [6, 13, 10, 16], "texture": "#1"},
				"south": {"uv": [3, 13, 13, 16], "texture": "#1"},
				"west": {"uv": [6, 13, 10, 16], "texture": "#1"},
				"up": {"uv": [3, 6, 13, 10], "rotation": 180, "texture": "#texture"},
				"down": {"uv": [13, 10, 3, 6], "rotation": 180, "texture": "#texture"}
			}
		},
		{
			"from": [6, 0, 3],
			"to": [10, 3, 13],
			"faces": {
				"north": {"uv": [6, 13, 10, 16], "texture": "#1"},
				"east": {"uv": [3, 13, 13, 16], "texture": "#1"},
				"south": {"uv": [6, 13, 10, 16], "texture": "#1"},
				"west": {"uv": [3, 13, 13, 16], "texture": "#1"},
				"up": {"uv": [6, 3, 10, 13], "rotation": 180, "texture": "#texture"},
				"down": {"uv": [10, 13, 6, 3], "rotation": 180, "texture": "#texture"}
			}
		}
	]
}