{
	"parent": "block/rail_flat",
	"textures": {
		"1": "minecraft:block/rail_bars1",
		"2": "minecraft:block/activator_rail",
		"3": "minecraft:block/rail_gears",
		"particle": "minecraft:block/rail_bars1",
		"rail": "minecraft:block/powered_rail"
	},
	"elements": [
		{
			"from": [2, 8, -1],
			"to": [4, 9, 15],
			"rotation": {"angle": 45, "axis": "x", "origin": [8, 8, 8], "rescale": true},
			"faces": {
				"north": {"uv": [12, 12, 14, 13], "texture": "#1"},
				"east": {"uv": [0, 13, 16, 14], "texture": "#1"},
				"south": {"uv": [2, 12, 4, 13], "texture": "#1"},
				"west": {"uv": [0, 12, 16, 13], "texture": "#1"},
				"up": {"uv": [2, 0, 4, 16], "texture": "#rail"},
				"down": {"uv": [2, 0, 4, 16], "texture": "#rail"}
			}
		},
		{
			"from": [12, 8, -1],
			"to": [14, 9, 15],
			"rotation": {"angle": 45, "axis": "x", "origin": [8, 8, 8], "rescale": true},
			"faces": {
				"north": {"uv": [2, 12, 4, 13], "texture": "#1"},
				"east": {"uv": [0, 12, 16, 13], "texture": "#1"},
				"south": {"uv": [12, 12, 14, 13], "texture": "#1"},
				"west": {"uv": [0, 13, 16, 14], "texture": "#1"},
				"up": {"uv": [12, 0, 14, 16], "texture": "#rail"},
				"down": {"uv": [12, 0, 14, 16], "texture": "#rail"}
			}
		},
		{
			"from": [1, 7, 0],
			"to": [15, 8, 2],
			"rotation": {"angle": 45, "axis": "x", "origin": [8, 8, 8], "rescale": true},
			"faces": {
				"north": {"uv": [1, 10, 15, 11], "texture": "#1"},
				"east": {"uv": [13, 10, 15, 11], "texture": "#1"},
				"south": {"uv": [1, 11, 15, 12], "texture": "#1"},
				"west": {"uv": [1, 10, 3, 11], "texture": "#1"},
				"up": {"uv": [1, 1, 15, 3], "texture": "#rail"},
				"down": {"uv": [1, 12, 15, 10], "texture": "#1"}
			}
		},
		{
			"from": [1, 7, 4],
			"to": [15, 8, 6],
			"rotation": {"angle": 45, "axis": "x", "origin": [8, 8, 8], "rescale": true},
			"faces": {
				"north": {"uv": [1, 10, 15, 11], "texture": "#1"},
				"east": {"uv": [9, 10, 11, 11], "texture": "#1"},
				"south": {"uv": [1, 11, 15, 12], "texture": "#1"},
				"west": {"uv": [5, 10, 7, 11], "texture": "#1"},
				"up": {"uv": [1, 5, 15, 7], "texture": "#rail"},
				"down": {"uv": [1, 12, 15, 10], "texture": "#1"}
			}
		},
		{
			"from": [1, 7, 8],
			"to": [15, 8, 10],
			"rotation": {"angle": 45, "axis": "x", "origin": [8, 8, 8], "rescale": true},
			"faces": {
				"north": {"uv": [1, 10, 15, 11], "texture": "#1"},
				"east": {"uv": [5, 10, 7, 11], "texture": "#1"},
				"south": {"uv": [1, 11, 15, 12], "texture": "#1"},
				"west": {"uv": [9, 10, 11, 11], "texture": "#1"},
				"up": {"uv": [1, 9, 15, 11], "texture": "#rail"},
				"down": {"uv": [1, 12, 15, 10], "texture": "#1"}
			}
		},
		{
			"from": [1, 7, 12],
			"to": [15, 8, 14],
			"rotation": {"angle": 45, "axis": "x", "origin": [8, 8, 8], "rescale": true},
			"faces": {
				"north": {"uv": [1, 10, 15, 11], "texture": "#1"},
				"east": {"uv": [1, 10, 3, 11], "texture": "#1"},
				"south": {"uv": [1, 11, 15, 12], "texture": "#1"},
				"west": {"uv": [13, 10, 15, 11], "texture": "#1"},
				"up": {"uv": [1, 13, 15, 15], "texture": "#rail"},
				"down": {"uv": [1, 12, 15, 10], "texture": "#1"}
			}
		},
		{
			"from": [9, 8, 13],
			"to": [10, 9, 15],
			"rotation": {"angle": 45, "axis": "x", "origin": [8, 8, 8], "rescale": true},
			"faces": {
				"north": {"uv": [6, 9, 7, 10], "texture": "#1"},
				"east": {"uv": [0, 9, 2, 10], "texture": "#1"},
				"south": {"uv": [10, 9, 11, 10], "texture": "#1"},
				"west": {"uv": [0, 9, 2, 10], "texture": "#1"},
				"up": {"uv": [0, 9, 2, 10], "rotation": 270, "texture": "#1"},
				"down": {"uv": [0, 9, 2, 10], "rotation": 90, "texture": "#1"}
			}
		},
		{
			"from": [9, 8, -1],
			"to": [10, 9, 1],
			"rotation": {"angle": 45, "axis": "x", "origin": [8, 8, 8], "rescale": true},
			"faces": {
				"north": {"uv": [6, 9, 7, 10], "texture": "#1"},
				"east": {"uv": [14, 9, 16, 10], "texture": "#1"},
				"south": {"uv": [10, 9, 11, 10], "texture": "#1"},
				"west": {"uv": [14, 9, 16, 10], "texture": "#1"},
				"up": {"uv": [14, 9, 16, 10], "rotation": 270, "texture": "#1"},
				"down": {"uv": [14, 9, 16, 10], "rotation": 90, "texture": "#1"}
			}
		},
		{
			"from": [6, 8, 13],
			"to": [7, 9, 15],
			"rotation": {"angle": 45, "axis": "x", "origin": [8, 8, 8], "rescale": true},
			"faces": {
				"north": {"uv": [6, 9, 7, 10], "texture": "#1"},
				"east": {"uv": [0, 9, 2, 10], "texture": "#1"},
				"south": {"uv": [10, 9, 11, 10], "texture": "#1"},
				"west": {"uv": [0, 9, 2, 10], "texture": "#1"},
				"up": {"uv": [0, 9, 2, 10], "rotation": 270, "texture": "#1"},
				"down": {"uv": [0, 9, 2, 10], "rotation": 90, "texture": "#1"}
			}
		},
		{
			"from": [6, 8, -1],
			"to": [7, 9, 1],
			"rotation": {"angle": 45, "axis": "x", "origin": [8, 8, 8], "rescale": true},
			"faces": {
				"north": {"uv": [6, 9, 7, 10], "texture": "#1"},
				"east": {"uv": [14, 9, 16, 10], "texture": "#1"},
				"south": {"uv": [10, 9, 11, 10], "texture": "#1"},
				"west": {"uv": [14, 9, 16, 10], "texture": "#1"},
				"up": {"uv": [14, 9, 16, 10], "rotation": 270, "texture": "#1"},
				"down": {"uv": [14, 9, 16, 10], "rotation": 90, "texture": "#1"}
			}
		},
		{
			"from": [10, 8, 0],
			"to": [12, 9, 2],
			"rotation": {"angle": 45, "axis": "x", "origin": [8, 8, 8], "rescale": true},
			"faces": {
				"north": {"uv": [4, 8, 6, 9], "texture": "#1"},
				"east": {"uv": [13, 8, 15, 9], "texture": "#1"},
				"south": {"uv": [10, 8, 12, 9], "texture": "#1"},
				"west": {"uv": [1, 9, 3, 10], "texture": "#1"},
				"up": {"uv": [10, 1, 12, 3], "texture": "#2"},
				"down": {"uv": [4, 3, 6, 1], "texture": "#2"}
			}
		},
		{
			"from": [4, 8, 0],
			"to": [6, 9, 2],
			"rotation": {"angle": 45, "axis": "x", "origin": [8, 8, 8], "rescale": true},
			"faces": {
				"north": {"uv": [10, 8, 12, 9], "texture": "#1"},
				"east": {"uv": [13, 9, 15, 10], "texture": "#1"},
				"south": {"uv": [4, 8, 6, 9], "texture": "#1"},
				"west": {"uv": [1, 8, 3, 9], "texture": "#1"},
				"up": {"uv": [4, 1, 6, 3], "texture": "#2"},
				"down": {"uv": [10, 3, 12, 1], "texture": "#2"}
			}
		},
		{
			"from": [10, 8, 4],
			"to": [12, 9, 6],
			"rotation": {"angle": 45, "axis": "x", "origin": [8, 8, 8], "rescale": true},
			"faces": {
				"north": {"uv": [4, 8, 6, 9], "texture": "#1"},
				"east": {"uv": [9, 8, 11, 9], "texture": "#1"},
				"south": {"uv": [10, 8, 12, 9], "texture": "#1"},
				"west": {"uv": [5, 9, 7, 10], "texture": "#1"},
				"up": {"uv": [10, 5, 12, 7], "texture": "#rail"},
				"down": {"uv": [4, 7, 6, 5], "texture": "#2"}
			}
		},
		{
			"from": [4, 8, 4],
			"to": [6, 9, 6],
			"rotation": {"angle": 45, "axis": "x", "origin": [8, 8, 8], "rescale": true},
			"faces": {
				"north": {"uv": [10, 8, 12, 9], "texture": "#1"},
				"east": {"uv": [9, 9, 11, 10], "texture": "#1"},
				"south": {"uv": [4, 8, 6, 9], "texture": "#1"},
				"west": {"uv": [5, 8, 7, 9], "texture": "#1"},
				"up": {"uv": [4, 5, 6, 7], "texture": "#2"},
				"down": {"uv": [10, 7, 12, 5], "texture": "#rail"}
			}
		},
		{
			"from": [10, 8, 8],
			"to": [12, 9, 10],
			"rotation": {"angle": 45, "axis": "x", "origin": [8, 8, 8], "rescale": true},
			"faces": {
				"north": {"uv": [4, 8, 6, 9], "texture": "#1"},
				"east": {"uv": [5, 8, 7, 9], "texture": "#1"},
				"south": {"uv": [10, 8, 12, 9], "texture": "#1"},
				"west": {"uv": [9, 9, 11, 10], "texture": "#1"},
				"up": {"uv": [10, 9, 12, 11], "texture": "#2"},
				"down": {"uv": [4, 11, 6, 9], "texture": "#rail"}
			}
		},
		{
			"from": [4, 8, 8],
			"to": [6, 9, 10],
			"rotation": {"angle": 45, "axis": "x", "origin": [8, 8, 8], "rescale": true},
			"faces": {
				"north": {"uv": [10, 8, 12, 9], "texture": "#1"},
				"east": {"uv": [5, 9, 7, 10], "texture": "#1"},
				"south": {"uv": [4, 8, 6, 9], "texture": "#1"},
				"west": {"uv": [9, 8, 11, 9], "texture": "#1"},
				"up": {"uv": [4, 9, 6, 11], "texture": "#rail"},
				"down": {"uv": [10, 11, 12, 9], "texture": "#2"}
			}
		},
		{
			"from": [10, 8, 12],
			"to": [12, 9, 14],
			"rotation": {"angle": 45, "axis": "x", "origin": [8, 8, 8], "rescale": true},
			"faces": {
				"north": {"uv": [4, 8, 6, 9], "texture": "#1"},
				"east": {"uv": [1, 8, 3, 9], "texture": "#1"},
				"south": {"uv": [10, 8, 12, 9], "texture": "#1"},
				"west": {"uv": [13, 9, 15, 10], "texture": "#1"},
				"up": {"uv": [10, 13, 12, 15], "texture": "#2"},
				"down": {"uv": [4, 15, 6, 13], "texture": "#2"}
			}
		},
		{
			"from": [4, 8, 12],
			"to": [6, 9, 14],
			"rotation": {"angle": 45, "axis": "x", "origin": [8, 8, 8], "rescale": true},
			"faces": {
				"north": {"uv": [10, 8, 12, 9], "texture": "#1"},
				"east": {"uv": [1, 9, 3, 10], "texture": "#1"},
				"south": {"uv": [4, 8, 6, 9], "texture": "#1"},
				"west": {"uv": [13, 8, 15, 9], "texture": "#1"},
				"up": {"uv": [4, 13, 6, 15], "texture": "#2"},
				"down": {"uv": [10, 15, 12, 13], "texture": "#2"}
			}
		},
		{
			"from": [7, 8, 0],
			"to": [9, 10, 14],
			"rotation": {"angle": 45, "axis": "x", "origin": [8, 8, 8], "rescale": true},
			"faces": {
				"north": {"uv": [7, 12, 9, 14], "texture": "#1"},
				"east": {"uv": [1, 12, 15, 14], "texture": "#1"},
				"south": {"uv": [7, 12, 9, 14], "texture": "#1"},
				"west": {"uv": [1, 12, 15, 14], "texture": "#1"},
				"up": {"uv": [7, 1, 9, 15], "texture": "#rail"},
				"down": {"uv": [7, 1, 9, 15], "texture": "#rail"}
			}
		},
		{
			"from": [6, 8, 1],
			"to": [10, 10, 13],
			"rotation": {"angle": 45, "axis": "x", "origin": [8, 8, 8], "rescale": true},
			"faces": {
				"north": {"uv": [6, 12, 10, 14], "texture": "#1"},
				"east": {"uv": [2, 12, 14, 14], "texture": "#1"},
				"south": {"uv": [6, 12, 10, 14], "texture": "#1"},
				"west": {"uv": [2, 12, 14, 14], "texture": "#1"},
				"up": {"uv": [6, 2, 10, 14], "texture": "#rail"},
				"down": {"uv": [6, 2, 10, 14], "texture": "#rail"}
			}
		},
		{
			"from": [4, 9.5, 10],
			"to": [12, 9.5, 14],
			"rotation": {"angle": 45, "axis": "x", "origin": [8, 8, 8], "rescale": true},
			"faces": {
				"north": {"uv": [0, 0, 6, 0], "texture": "#missing"},
				"east": {"uv": [0, 0, 4, 0], "texture": "#missing"},
				"south": {"uv": [0, 0, 6, 0], "texture": "#missing"},
				"west": {"uv": [0, 0, 4, 0], "texture": "#missing"},
				"up": {"uv": [4, 11, 12, 15], "texture": "#3"},
				"down": {"uv": [4, 11, 12, 15], "texture": "#3"}
			}
		},
		{
			"from": [4, 9.5, 5],
			"to": [12, 9.5, 9],
			"rotation": {"angle": 45, "axis": "x", "origin": [8, 8, 8], "rescale": true},
			"faces": {
				"north": {"uv": [0, 0, 6, 0], "texture": "#missing"},
				"east": {"uv": [0, 0, 4, 0], "texture": "#missing"},
				"south": {"uv": [0, 0, 6, 0], "texture": "#missing"},
				"west": {"uv": [0, 0, 4, 0], "texture": "#missing"},
				"up": {"uv": [4, 6, 12, 10], "texture": "#3"},
				"down": {"uv": [4, 6, 12, 10], "texture": "#3"}
			}
		},
		{
			"from": [4, 9.5, 0],
			"to": [12, 9.5, 4],
			"rotation": {"angle": 45, "axis": "x", "origin": [8, 8, 8], "rescale": true},
			"faces": {
				"north": {"uv": [0, 0, 6, 0], "texture": "#missing"},
				"east": {"uv": [0, 0, 4, 0], "texture": "#missing"},
				"south": {"uv": [0, 0, 6, 0], "texture": "#missing"},
				"west": {"uv": [0, 0, 4, 0], "texture": "#missing"},
				"up": {"uv": [4, 1, 12, 5], "texture": "#3"},
				"down": {"uv": [4, 1, 12, 5], "texture": "#3"}
			}
		}
	]
}