{
	"parent": "block/rail_curved",
	"textures": {
		"rail": "block/rail_bars"
	},
	"elements": [
		{
			"from": [12, 1, 14],
			"to": [14, 2, 16],
			"faces": {
				"north": {"uv": [2, 14, 4, 15], "texture": "#rail"},
				"east": {"uv": [0, 15, 2, 16], "texture": "#rail"},
				"south": {"uv": [0, 14, 2, 15], "texture": "#rail"},
				"west": {"uv": [14, 14, 16, 15], "texture": "#rail"},
				"up": {"uv": [0, 14, 2, 16], "rotation": 270, "texture": "#rail"},
				"down": {"uv": [2, 16, 4, 14], "rotation": 90, "texture": "#rail"}
			}
		},
		{
			"from": [14, 1, 12],
			"to": [16, 2, 14],
			"faces": {
				"north": {"uv": [0, 14, 2, 15], "texture": "#rail"},
				"east": {"uv": [2, 14, 4, 15], "texture": "#rail"},
				"south": {"uv": [14, 15, 16, 16], "texture": "#rail"},
				"west": {"uv": [12, 14, 14, 15], "texture": "#rail"},
				"up": {"uv": [14, 14, 16, 16], "texture": "#rail"},
				"down": {"uv": [12, 16, 14, 14], "texture": "#rail"}
			}
		},
		{
			"from": [-1.5, 1, 18.5],
			"to": [1.5, 2, 20.5],
			"rotation": {"angle": 45, "axis": "y", "origin": [0, 0, 0]},
			"faces": {
				"north": {"uv": [7, 14, 10, 15], "texture": "#rail"},
				"east": {"uv": [2, 14, 4, 15], "texture": "#rail"},
				"south": {"uv": [7, 15, 10, 16], "texture": "#rail"},
				"west": {"uv": [12, 14, 14, 15], "texture": "#rail"},
				"up": {"uv": [7, 14, 10, 16], "texture": "#rail"},
				"down": {"uv": [7, 16, 9, 14], "texture": "#rail"}
			}
		},
		{
			"from": [12, 1, 2],
			"to": [16, 2, 4],
			"faces": {
				"north": {"uv": [0, 14, 4, 15], "texture": "#rail"},
				"east": {"uv": [12, 14, 14, 15], "texture": "#rail"},
				"south": {"uv": [12, 15, 16, 16], "texture": "#rail"},
				"west": {"uv": [2, 14, 4, 15], "texture": "#rail"},
				"up": {"uv": [12, 14, 16, 16], "texture": "#rail"},
				"down": {"uv": [0, 14, 4, 16], "texture": "#rail"}
			}
		},
		{
			"from": [2, 1, 12],
			"to": [4, 2, 16],
			"faces": {
				"north": {"uv": [12, 14, 14, 15], "texture": "#rail"},
				"east": {"uv": [0, 15, 4, 16], "texture": "#rail"},
				"south": {"uv": [2, 14, 4, 15], "texture": "#rail"},
				"west": {"uv": [12, 14, 16, 15], "texture": "#rail"},
				"up": {"uv": [0, 14, 4, 16], "rotation": 270, "texture": "#rail"},
				"down": {"uv": [12, 14, 16, 16], "rotation": 90, "texture": "#rail"}
			}
		},
		{
			"from": [5, 1, 6.5],
			"to": [10, 2, 8.5],
			"rotation": {"angle": 22.5, "axis": "y", "origin": [0, 0, 0]},
			"faces": {
				"north": {"uv": [4, 14, 9, 15], "texture": "#rail"},
				"east": {"uv": [12, 14, 14, 15], "texture": "#rail"},
				"south": {"uv": [7, 15, 12, 16], "texture": "#rail"},
				"west": {"uv": [4, 14, 6, 15], "texture": "#rail"},
				"up": {"uv": [7, 14, 12, 16], "texture": "#rail"},
				"down": {"uv": [4, 16, 9, 14], "texture": "#rail"}
			}
		},
		{
			"from": [6.5, 1, 5],
			"to": [8.5, 2, 10],
			"rotation": {"angle": -22.5, "axis": "y", "origin": [0, 0, 0]},
			"faces": {
				"north": {"uv": [10, 14, 12, 15], "texture": "#rail"},
				"east": {"uv": [4, 15, 9, 16], "texture": "#rail"},
				"south": {"uv": [2, 14, 4, 15], "texture": "#rail"},
				"west": {"uv": [7, 14, 12, 15], "texture": "#rail"},
				"up": {"uv": [4, 14, 9, 16], "rotation": 270, "texture": "#rail"},
				"down": {"uv": [7, 16, 12, 14], "rotation": 90, "texture": "#rail"}
			}
		},
		{
			"from": [8, 1, -2],
			"to": [10, 2, 2],
			"rotation": {"angle": -45, "axis": "y", "origin": [0, 0, 0]},
			"faces": {
				"north": {"uv": [10, 14, 12, 15], "texture": "#rail"},
				"east": {"uv": [6, 15, 10, 16], "texture": "#rail"},
				"south": {"uv": [4, 14, 6, 15], "texture": "#rail"},
				"west": {"uv": [6, 14, 10, 15], "texture": "#rail"},
				"up": {"uv": [6, 14, 10, 16], "rotation": 270, "texture": "#rail"},
				"down": {"uv": [6, 16, 10, 14], "rotation": 90, "texture": "#rail"}
			}
		},
		{
			"from": [7, 0, -1],
			"to": [20, 1, 1],
			"rotation": {"angle": -45, "axis": "y", "origin": [0, 0, 0]},
			"faces": {
				"north": {"uv": [1, 10, 15, 11], "texture": "#rail"},
				"east": {"uv": [7, 10, 9, 11], "texture": "#rail"},
				"south": {"uv": [1, 11, 15, 12], "texture": "#rail"},
				"west": {"uv": [7, 10, 9, 11], "texture": "#rail"},
				"up": {"uv": [1, 10, 15, 12], "texture": "#rail"},
				"down": {"uv": [1, 12, 15, 10], "texture": "#rail"}
			}
		},
		{
			"from": [5.5, 0, 8.5],
			"to": [17.5, 1, 10.5],
			"rotation": {"angle": -22.5, "axis": "y", "origin": [0, 0, 0]},
			"faces": {
				"north": {"uv": [2, 10, 14, 11], "texture": "#rail"},
				"east": {"uv": [1, 10, 3, 11], "texture": "#rail"},
				"south": {"uv": [2, 11, 14, 12], "texture": "#rail"},
				"west": {"uv": [10, 10, 12, 11], "texture": "#rail"},
				"up": {"uv": [2, 10, 14, 12], "texture": "#rail"},
				"down": {"uv": [2, 12, 14, 10], "texture": "#rail"}
			}
		},
		{
			"from": [8.5, 0, 5.5],
			"to": [10.5, 1, 17.5],
			"rotation": {"angle": 22.5, "axis": "y", "origin": [0, 0, 0]},
			"faces": {
				"north": {"uv": [4, 10, 6, 11], "texture": "#rail"},
				"east": {"uv": [3, 10, 15, 11], "texture": "#rail"},
				"south": {"uv": [13, 10, 15, 11], "texture": "#rail"},
				"west": {"uv": [2, 11, 14, 12], "texture": "#rail"},
				"up": {"uv": [2, 10, 14, 12], "rotation": 90, "texture": "#rail"},
				"down": {"uv": [3, 12, 15, 10], "rotation": 270, "texture": "#rail"}
			}
		}
	]
}