{
	"parent": "block/block",
	"textures": {
		"1": "block/red_mushroom_top",
		"2": "block/mushroom_bottom",
		"4": "block/mushroom_stick",
		"5": "block/mushroom_block_inside",
		"cross": "minecraft:block/red_mushroom",
		"particle": "block/red_mushroom_top"
	},
	"elements": [
		{
			"from": [7, 0, 7],
			"to": [9, 10, 9],
			"faces": {
				"north": {"uv": [7, 6, 9, 16], "texture": "#4"},
				"east": {"uv": [7, 6, 9, 16], "texture": "#4"},
				"south": {"uv": [7, 6, 9, 16], "texture": "#4"},
				"west": {"uv": [7, 6, 9, 16], "texture": "#4"},
				"up": {"uv": [7, 7, 9, 9], "texture": "#2"},
				"down": {"uv": [7, 7, 9, 9], "texture": "#2"}
			}
		},
		{
			"from": [5, 10, 5],
			"to": [11, 11, 11],
			"faces": {
				"north": {"uv": [5, 5, 11, 6], "texture": "#cross"},
				"east": {"uv": [5, 5, 11, 6], "texture": "#cross"},
				"south": {"uv": [5, 5, 11, 6], "texture": "#cross"},
				"west": {"uv": [5, 5, 11, 6], "texture": "#cross"},
				"up": {"uv": [5, 5, 11, 11], "texture": "#1"},
				"down": {"uv": [5, 5, 11, 11], "texture": "#2"}
			}
		},
		{
			"from": [5, 3, 4],
			"to": [11, 10, 5],
			"faces": {
				"north": {"uv": [5, 6, 11, 13], "texture": "#cross"},
				"east": {"uv": [11, 6, 12, 13], "texture": "#cross"},
				"south": {"uv": [5, 6, 11, 13], "texture": "#5"},
				"west": {"uv": [4, 6, 5, 13], "texture": "#cross"},
				"up": {"uv": [5, 11, 11, 12], "texture": "#1"},
				"down": {"uv": [5, 11, 11, 12], "texture": "#5"}
			}
		},
		{
			"from": [5, 3, 11],
			"to": [11, 10, 12],
			"faces": {
				"north": {"uv": [5, 6, 11, 13], "texture": "#5"},
				"east": {"uv": [4, 6, 5, 13], "texture": "#cross"},
				"south": {"uv": [5, 6, 11, 13], "texture": "#cross"},
				"west": {"uv": [11, 6, 12, 13], "texture": "#cross"},
				"up": {"uv": [5, 11, 11, 12], "texture": "#1"},
				"down": {"uv": [5, 4, 11, 5], "texture": "#5"}
			}
		},
		{
			"from": [4, 3, 5],
			"to": [5, 10, 11],
			"faces": {
				"north": {"uv": [11, 6, 12, 13], "texture": "#cross"},
				"east": {"uv": [5, 6, 11, 13], "texture": "#5"},
				"south": {"uv": [4, 6, 5, 13], "texture": "#cross"},
				"west": {"uv": [5, 6, 11, 13], "texture": "#cross"},
				"up": {"uv": [4, 5, 5, 11], "texture": "#1"},
				"down": {"uv": [4, 5, 5, 11], "texture": "#5"}
			}
		},
		{
			"from": [11, 3, 5],
			"to": [12, 10, 11],
			"faces": {
				"north": {"uv": [4, 6, 5, 13], "texture": "#cross"},
				"east": {"uv": [5, 6, 11, 13], "texture": "#cross"},
				"south": {"uv": [11, 6, 12, 13], "texture": "#cross"},
				"west": {"uv": [5, 6, 11, 13], "texture": "#5"},
				"up": {"uv": [11, 5, 12, 11], "texture": "#1"},
				"down": {"uv": [11, 5, 12, 11], "texture": "#5"}
			}
		}
	]
}