{
	"parent": "minecraft:block/cube_bottom_top",
	"textures": {
		"3": "minecraft:block/sculk_vein",
		"bottom": "minecraft:block/sculk_catalyst_bottom",
		"side": "minecraft:block/sculk_catalyst_side_bloom",
		"top": "minecraft:block/sculk_catalyst_top_bloom",
		"particle": "minecraft:block/sculk_vein"
	},
	"elements": [
		{
			"from": [0, 0, 0],
			"to": [16, 16, 16],
			"faces": {
				"north": {"uv": [0, 0, 16, 16], "texture": "#side"},
				"east": {"uv": [0, 0, 16, 16], "texture": "#side"},
				"south": {"uv": [0, 0, 16, 16], "texture": "#side"},
				"west": {"uv": [0, 0, 16, 16], "texture": "#side"},
				"up": {"uv": [0, 0, 16, 16], "texture": "#top"},
				"down": {"uv": [0, 0, 16, 16], "texture": "#bottom"}
			}
		},
		{
			"from": [0, 0, -4],
			"to": [16, 1, 0],
			"faces": {
				"north": {"uv": [0, 16, 0, 16], "texture": "#3"},
				"east": {"uv": [0, 16, 0, 16], "texture": "#3"},
				"south": {"uv": [0, 16, 0, 16], "texture": "#3"},
				"west": {"uv": [0, 16, 0, 16], "texture": "#3"},
				"up": {"uv": [0, 0, 16, 4], "texture": "#3"},
				"down": {"uv": [0, 12, 16, 16], "texture": "#3"}
			}
		},
		{
			"from": [0, 0, 16],
			"to": [16, 1, 20],
			"faces": {
				"north": {"uv": [0, 16, 0, 16], "texture": "#3"},
				"east": {"uv": [0, 16, 0, 16], "texture": "#3"},
				"south": {"uv": [0, 16, 0, 16], "texture": "#3"},
				"west": {"uv": [0, 16, 0, 16], "texture": "#3"},
				"up": {"uv": [0, 0, 16, 4], "texture": "#3"},
				"down": {"uv": [0, 12, 16, 16], "texture": "#3"}
			}
		},
		{
			"from": [16, 0, 0],
			"to": [20, 1, 16],
			"faces": {
				"north": {"uv": [0, 16, 0, 16], "texture": "#3"},
				"east": {"uv": [0, 16, 0, 16], "texture": "#3"},
				"south": {"uv": [0, 16, 0, 16], "texture": "#3"},
				"west": {"uv": [0, 16, 0, 16], "texture": "#3"},
				"up": {"uv": [0, 0, 4, 16], "texture": "#3"},
				"down": {"uv": [0, 0, 4, 16], "texture": "#3"}
			}
		},
		{
			"from": [-4, 0, 0],
			"to": [0, 1, 16],
			"faces": {
				"north": {"uv": [0, 16, 0, 16], "texture": "#3"},
				"east": {"uv": [0, 16, 0, 16], "texture": "#3"},
				"south": {"uv": [0, 16, 0, 16], "texture": "#3"},
				"west": {"uv": [0, 16, 0, 16], "texture": "#3"},
				"up": {"uv": [0, 0, 4, 16], "texture": "#3"},
				"down": {"uv": [12, 0, 16, 16], "texture": "#3"}
			}
		},
		{
			"from": [16, 0, 16],
			"to": [18, 1, 18],
			"faces": {
				"north": {"uv": [0, 0, 2, 1], "texture": "#3"},
				"east": {"uv": [0, 0, 2, 1], "texture": "#3"},
				"south": {"uv": [0, 0, 2, 1], "texture": "#3"},
				"west": {"uv": [0, 0, 2, 1], "texture": "#3"},
				"up": {"uv": [0, 0, 2, 2], "texture": "#3"},
				"down": {"uv": [14, 0, 16, 2], "texture": "#3"}
			}
		},
		{
			"from": [-2, 0, 16],
			"to": [0, 1, 18],
			"faces": {
				"north": {"uv": [0, 16, 0, 16], "texture": "#3"},
				"east": {"uv": [0, 16, 0, 16], "texture": "#3"},
				"south": {"uv": [0, 16, 0, 16], "texture": "#3"},
				"west": {"uv": [0, 16, 0, 16], "texture": "#3"},
				"up": {"uv": [14, 0, 16, 2], "texture": "#3"},
				"down": {"uv": [0, 0, 2, 2], "texture": "#3"}
			}
		},
		{
			"from": [-2, 0, -2],
			"to": [0, 1, 0],
			"faces": {
				"north": {"uv": [0, 16, 0, 16], "texture": "#3"},
				"east": {"uv": [0, 16, 0, 16], "texture": "#3"},
				"south": {"uv": [0, 16, 0, 16], "texture": "#3"},
				"west": {"uv": [0, 16, 0, 16], "texture": "#3"},
				"up": {"uv": [14, 14, 16, 16], "texture": "#3"},
				"down": {"uv": [0, 14, 2, 16], "texture": "#3"}
			}
		},
		{
			"from": [16, 0, -2],
			"to": [18, 1, 0],
			"faces": {
				"north": {"uv": [0, 16, 0, 16], "texture": "#3"},
				"east": {"uv": [0, 16, 0, 16], "texture": "#3"},
				"south": {"uv": [0, 16, 0, 16], "texture": "#3"},
				"west": {"uv": [0, 16, 0, 16], "texture": "#3"},
				"up": {"uv": [0, 14, 2, 16], "texture": "#3"},
				"down": {"uv": [14, 14, 16, 16], "texture": "#3"}
			}
		}
	]
}