{
	"parent": "minecraft:block/fence_side",
	"textures": {
		"1": "minecraft:block/spruce_fence_top",
		"particle": "minecraft:block/spruce_fence_top",
		"texture": "minecraft:block/spruce_planks"
	},
	"elements": [
		{
			"from": [7, 3, 0],
			"to": [9, 5, 6],
			"faces": {
				"north": {"uv": [7, 12, 9, 14], "texture": "#texture"},
				"east": {"uv": [2, 12, 8, 14], "texture": "#texture"},
				"south": {"uv": [7, 12, 9, 14], "texture": "#texture"},
				"west": {"uv": [8, 12, 14, 14], "texture": "#texture"},
				"up": {"uv": [7, 0, 9, 6], "texture": "#1"},
				"down": {"uv": [7, 10, 9, 16], "texture": "#1"}
			}
		},
		{
			"from": [7, 11, 0],
			"to": [9, 13, 6],
			"faces": {
				"north": {"uv": [7, 2, 9, 4], "texture": "#texture"},
				"east": {"uv": [2, 2, 8, 4], "texture": "#texture"},
				"south": {"uv": [7, 2, 9, 4], "texture": "#texture"},
				"west": {"uv": [8, 2, 14, 4], "texture": "#texture"},
				"up": {"uv": [7, 0, 9, 6], "texture": "#1"},
				"down": {"uv": [7, 10, 9, 16], "texture": "#1"}
			}
		},
		{
			"from": [7.5, 7, -8],
			"to": [8.5, 8, 2],
			"rotation": {"angle": 45, "axis": "x", "origin": [0, 0, 0]},
			"faces": {
				"north": {"uv": [7, 15, 8, 16], "texture": "#texture"},
				"east": {"uv": [3, 4, 13, 5], "texture": "#texture"},
				"south": {"uv": [7, 0, 8, 1], "texture": "#texture"},
				"west": {"uv": [3, 4, 13, 5], "texture": "#texture"},
				"up": {"uv": [0, 3, 1, 12], "texture": "#texture"},
				"down": {"uv": [15, 3, 16, 12], "texture": "#texture"}
			}
		},
		{
			"from": [7.5, 3, 3],
			"to": [8.5, 4, 13],
			"rotation": {"angle": -45, "axis": "x", "origin": [0, 0, 0]},
			"faces": {
				"north": {"uv": [7, 15, 8, 16], "texture": "#texture"},
				"east": {"uv": [3, 10, 13, 11], "texture": "#texture"},
				"south": {"uv": [7, 0, 8, 1], "texture": "#texture"},
				"west": {"uv": [3, 4, 13, 5], "texture": "#texture"},
				"up": {"uv": [0, 3, 1, 12], "texture": "#texture"},
				"down": {"uv": [15, 3, 16, 12], "texture": "#texture"}
			}
		}
	]
}