{
	"credit": "Made by Endmir26",
	"parent": "minecraft:block/button",
	"textures": {
		"2": "minecraft:block/spruce_log",
		"particle": "minecraft:block/spruce_planks",
		"texture": "minecraft:block/spruce_planks"
	},
	"elements": [
		{
			"from": [5, 0, 6],
			"to": [11, 2, 10],
			"faces": {
				"north": {"uv": [5, 14, 11, 16], "texture": "#texture"},
				"east": {"uv": [6, 14, 10, 16], "texture": "#texture"},
				"south": {"uv": [5, 14, 11, 16], "texture": "#texture"},
				"west": {"uv": [6, 14, 10, 16], "texture": "#texture"},
				"up": {"uv": [5, 10, 11, 6], "texture": "#texture"},
				"down": {"uv": [5, 6, 11, 10], "texture": "#texture", "cullface": "down"}
			}
		},
		{
			"from": [4, 0, 5],
			"to": [12, 1, 11],
			"faces": {
				"north": {"uv": [4, 11, 12, 12], "texture": "#2"},
				"east": {"uv": [3, 5, 4, 11], "rotation": 90, "texture": "#2"},
				"south": {"uv": [4, 4, 12, 5], "texture": "#2"},
				"west": {"uv": [12, 5, 13, 11], "rotation": 90, "texture": "#2"},
				"up": {"uv": [4, 5, 12, 11], "texture": "#2"},
				"down": {"uv": [4, 5, 12, 11], "texture": "#2"}
			}
		}
	]
}