{
  "variants": {
    "": [
    {
      "model": "minecraft:block/lily_pad0"
    },
    {
      "model": "minecraft:block/lily_pad0",
      "y": 90
    },
    {
      "model": "minecraft:block/lily_pad0",
      "y": 180
    },
    {
      "model": "minecraft:block/lily_pad0",
      "y": 270
	},
    {
	  "model": "minecraft:block/lily_pad1"
    },
    {
      "model": "minecraft:block/lily_pad1",
      "y": 90
    },
    {
      "model": "minecraft:block/lily_pad1",
      "y": 180
    },
    {
      "model": "minecraft:block/lily_pad1",
      "y": 270
	},
    {
	  "model": "minecraft:block/lily_pad2"
    },
    {
      "model": "minecraft:block/lily_pad2",
      "y": 90
    },
    {
      "model": "minecraft:block/lily_pad2",
      "y": 180
    },
    {
      "model": "minecraft:block/lily_pad2",
      "y": 270
	},
    {
	  "model": "minecraft:block/lily_pad3"
    },
    {
      "model": "minecraft:block/lily_pad3",
      "y": 90
    },
    {
      "model": "minecraft:block/lily_pad3",
      "y": 180
    },
    {
      "model": "minecraft:block/lily_pad3",
      "y": 270
	},
    {
	  "model": "minecraft:block/lily_pad4"
    },
    {
      "model": "minecraft:block/lily_pad4",
      "y": 90
    },
    {
      "model": "minecraft:block/lily_pad4",
      "y": 180
    },
    {
      "model": "minecraft:block/lily_pad4",
      "y": 270
	},
    {
	  "model": "minecraft:block/lily_pad5"
    },
    {
      "model": "minecraft:block/lily_pad5",
      "y": 90
    },
    {
      "model": "minecraft:block/lily_pad5",
      "y": 180
    },
    {
      "model": "minecraft:block/lily_pad5",
      "y": 270
	}
	]
  }
}