{
  "variants": {
    "": [
	{
      "model": "minecraft:block/spawner0"
    },
	{
	  "model": "minecraft:block/spawner1"
    },
	{
	  "model": "minecraft:block/spawner2"
	},
	{
	  "model": "minecraft:block/spawner3"
    },
	{
	  "model": "minecraft:block/spawner4"
	},
	{
	  "model": "minecraft:block/spawner5"
    },
	{
	  "model": "minecraft:block/spawner6"
	},
	{
	  "model": "minecraft:block/spawner7"
	},
	{
	  "model": "minecraft:block/spawner8"
	},
	{
	  "model": "minecraft:block/spawner9"
	},
	{
	  "model": "minecraft:block/spawner10"
    }
	]
  }
}