{
  "variants": {
    "axis=x": [
      {
        "model": "minecraft:block/stone",
        "x": 90,
        "y": 90
      },
      {
        "model": "minecraft:block/stone_mirrored",
        "x": 90,
        "y": 90
      },
      {
        "model": "minecraft:block/stone",
        "y": 90,
        "x": 90
      },
      {
        "model": "minecraft:block/stone_mirrored",
        "y": 90,
        "x": 90
      }
    ],
    "axis=y": [
      {
        "model": "minecraft:block/stone"
      },
      {
        "model": "minecraft:block/stone_mirrored"
      },
      {
        "model": "minecraft:block/stone",
        "y": 180
      },
      {
        "model": "minecraft:block/stone_mirrored",
        "y": 180
      }
    ],
    "axis=z": [
      {
        "model": "minecraft:block/stone",
        "x": 90
      },
      {
        "model": "minecraft:block/stone_mirrored",
        "x": 90
      },
      {
        "model": "minecraft:block/stone",
        "y": 180,
        "x": 90
      },
      {
        "model": "minecraft:block/stone_mirrored",
        "y": 180,
        "x": 90
      }
    ]
  }
}